solid OpenSCAD_Model
  facet normal -0.0394448 -0.450824 0.891741
    outer loop
      vertex -0.520944 -2.95442 14.375
      vertex -1.30236 -7.38606 12.1
      vertex 0 -3 14.375
    endloop
  endfacet
  facet normal -0.117123 -0.437127 0.891741
    outer loop
      vertex -1.02606 -2.81908 14.375
      vertex -1.30236 -7.38606 12.1
      vertex -0.520944 -2.95442 14.375
    endloop
  endfacet
  facet normal -0.573577 0.819152 0
    outer loop
      vertex -3.75 6.49519 0.599999
      vertex -4.82091 5.74533 12.1
      vertex -3.75 6.49519 12.1
    endloop
  endfacet
  facet normal -0.573577 0.819152 0
    outer loop
      vertex -4.82091 5.74533 12.1
      vertex -3.75 6.49519 0.599999
      vertex -4.82091 5.74533 0.599999
    endloop
  endfacet
  facet normal 0.512911 0.359143 -0.779704
    outer loop
      vertex 5.58 3.75442 0
      vertex 5.1708 4.33882 0
      vertex 6.2 4.17157 0.599999
    endloop
  endfacet
  facet normal -0.996195 -0.0871544 0
    outer loop
      vertex -7.38606 -1.30236 0.599999
      vertex -7.5 0 12.1
      vertex -7.5 0 0.599999
    endloop
  endfacet
  facet normal -0.996195 -0.0871544 0
    outer loop
      vertex -7.5 0 12.1
      vertex -7.38606 -1.30236 0.599999
      vertex -7.38606 -1.30236 12.1
    endloop
  endfacet
  facet normal 0.0545714 -0.623764 -0.779706
    outer loop
      vertex 1.30236 -7.38606 0.599999
      vertex 0 -7.5 0.599999
      vertex 0 -6.75 0
    endloop
  endfacet
  facet normal 0.0394414 -0.450825 0.891741
    outer loop
      vertex 0 -3 14.375
      vertex 0 -7.5 12.1
      vertex 1.30236 -7.38606 12.1
    endloop
  endfacet
  facet normal -0.0871544 0.996195 0
    outer loop
      vertex 0 7.5 0.599999
      vertex -1.30236 7.38606 12.1
      vertex 0 7.5 12.1
    endloop
  endfacet
  facet normal -0.0871544 0.996195 0
    outer loop
      vertex -1.30236 7.38606 12.1
      vertex 0 7.5 0.599999
      vertex -1.30236 7.38606 0.599999
    endloop
  endfacet
  facet normal 0.258824 0.965925 -0
    outer loop
      vertex 2.56515 7.04769 0.599999
      vertex 1.30236 7.38606 12.1
      vertex 2.56515 7.04769 12.1
    endloop
  endfacet
  facet normal 0.258824 0.965925 0
    outer loop
      vertex 1.30236 7.38606 12.1
      vertex 2.56515 7.04769 0.599999
      vertex 1.30236 7.38606 0.599999
    endloop
  endfacet
  facet normal -0.450825 -0.0394414 0.891741
    outer loop
      vertex -3 0 14.375
      vertex -7.5 0 12.1
      vertex -7.38606 -1.30236 12.1
    endloop
  endfacet
  facet normal -0.0394414 -0.450825 0.891741
    outer loop
      vertex 0 -3 14.375
      vertex -1.30236 -7.38606 12.1
      vertex 0 -7.5 12.1
    endloop
  endfacet
  facet normal 1 0 0
    outer loop
      vertex 6.2 4.17157 12.1
      vertex 6.2 2 6.8
      vertex 6.2 4.17157 0.599999
    endloop
  endfacet
  facet normal 1 0 0
    outer loop
      vertex 6.2 4.17157 12.1
      vertex 6.2 -2 6.8
      vertex 6.2 2 6.8
    endloop
  endfacet
  facet normal 1 0 0
    outer loop
      vertex 6.2 -4.17157 0.599999
      vertex 6.2 -2 6.8
      vertex 6.2 -4.17157 12.1
    endloop
  endfacet
  facet normal 1 -0 0
    outer loop
      vertex 6.2 -4.17157 12.1
      vertex 6.2 -2 6.8
      vertex 6.2 4.17157 12.1
    endloop
  endfacet
  facet normal 1 -0 0
    outer loop
      vertex 6.2 2 1.3
      vertex 6.2 4.17157 0.599999
      vertex 6.2 2 6.8
    endloop
  endfacet
  facet normal 1 -0 0
    outer loop
      vertex 6.2 -2 1.3
      vertex 6.2 4.17157 0.599999
      vertex 6.2 2 1.3
    endloop
  endfacet
  facet normal 1 0 0
    outer loop
      vertex 6.2 -2 1.3
      vertex 6.2 -4.17157 0.599999
      vertex 6.2 4.17157 0.599999
    endloop
  endfacet
  facet normal 1 0 0
    outer loop
      vertex 6.2 -2 6.8
      vertex 6.2 -4.17157 0.599999
      vertex 6.2 -2 1.3
    endloop
  endfacet
  facet normal 0.422615 0.906309 -0
    outer loop
      vertex 3.75 6.49519 0.599999
      vertex 2.56515 7.04769 12.1
      vertex 3.75 6.49519 12.1
    endloop
  endfacet
  facet normal 0.422615 0.906309 0
    outer loop
      vertex 2.56515 7.04769 12.1
      vertex 3.75 6.49519 0.599999
      vertex 2.56515 7.04769 0.599999
    endloop
  endfacet
  facet normal -0.319999 -0.319999 0.891741
    outer loop
      vertex -2.29813 -1.92836 14.375
      vertex -4.82091 -5.74533 12.1
      vertex -1.92836 -2.29813 14.375
    endloop
  endfacet
  facet normal -0.319999 -0.319999 0.891741
    outer loop
      vertex -4.82091 -5.74533 12.1
      vertex -2.29813 -1.92836 14.375
      vertex -5.74533 -4.82091 12.1
    endloop
  endfacet
  facet normal 0.191253 -0.410147 0.891741
    outer loop
      vertex 3.75 -6.49519 12.1
      vertex 1.5 -2.59808 14.375
      vertex 2.56515 -7.04769 12.1
    endloop
  endfacet
  facet normal -0.0545714 0.623764 -0.779706
    outer loop
      vertex 0 6.75 0
      vertex -1.30236 7.38606 0.599999
      vertex 0 7.5 0.599999
    endloop
  endfacet
  facet normal 0.11713 -0.437126 0.891741
    outer loop
      vertex 2.56515 -7.04769 12.1
      vertex 1.02606 -2.81908 14.375
      vertex 1.30236 -7.38606 12.1
    endloop
  endfacet
  facet normal 0.0394448 -0.450824 0.891741
    outer loop
      vertex 0.520944 -2.95442 14.375
      vertex 0 -3 14.375
      vertex 1.30236 -7.38606 12.1
    endloop
  endfacet
  facet normal 0.25957 0.370705 0.891741
    outer loop
      vertex 3.75 6.49519 12.1
      vertex 1.5 2.59808 14.375
      vertex 4.82091 5.74533 12.1
    endloop
  endfacet
  facet normal 0.359142 0.512911 -0.779704
    outer loop
      vertex 4.33882 5.1708 0
      vertex 3.375 5.84567 0
      vertex 4.82091 5.74533 0.599999
    endloop
  endfacet
  facet normal -0.258824 -0.965925 0
    outer loop
      vertex -2.56515 -7.04769 0.599999
      vertex -1.30236 -7.38606 12.1
      vertex -2.56515 -7.04769 12.1
    endloop
  endfacet
  facet normal -0.258824 -0.965925 -0
    outer loop
      vertex -1.30236 -7.38606 12.1
      vertex -2.56515 -7.04769 0.599999
      vertex -1.30236 -7.38606 0.599999
    endloop
  endfacet
  facet normal -0.422615 -0.906309 0
    outer loop
      vertex -3.75 -6.49519 0.599999
      vertex -2.56515 -7.04769 12.1
      vertex -3.75 -6.49519 12.1
    endloop
  endfacet
  facet normal -0.422615 -0.906309 -0
    outer loop
      vertex -2.56515 -7.04769 12.1
      vertex -3.75 -6.49519 0.599999
      vertex -2.56515 -7.04769 0.599999
    endloop
  endfacet
  facet normal -0.319999 0.319999 0.891741
    outer loop
      vertex -4.82091 5.74533 12.1
      vertex -2.29813 1.92836 14.375
      vertex -1.92836 2.29813 14.375
    endloop
  endfacet
  facet normal -0.319999 0.319999 0.891741
    outer loop
      vertex -2.29813 1.92836 14.375
      vertex -4.82091 5.74533 12.1
      vertex -5.74533 4.82091 12.1
    endloop
  endfacet
  facet normal -0.567482 0.264619 -0.779706
    outer loop
      vertex -5.84567 3.375 0
      vertex -7.04769 2.56515 0.599999
      vertex -6.49519 3.75 0.599999
    endloop
  endfacet
  facet normal -0.370705 -0.25957 0.891741
    outer loop
      vertex -2.59808 -1.5 14.375
      vertex -6.49519 -3.75 12.1
      vertex -5.74533 -4.82091 12.1
    endloop
  endfacet
  facet normal -0.410147 -0.191253 0.891741
    outer loop
      vertex -2.59808 -1.5 14.375
      vertex -7.04769 -2.56515 12.1
      vertex -6.49519 -3.75 12.1
    endloop
  endfacet
  facet normal -0.442753 -0.442753 -0.779705
    outer loop
      vertex -4.82091 -5.74533 0.599999
      vertex -5.1708 -4.33882 0
      vertex -4.33882 -5.1708 0
    endloop
  endfacet
  facet normal -0.442753 -0.442753 -0.779705
    outer loop
      vertex -5.1708 -4.33882 0
      vertex -4.82091 -5.74533 0.599999
      vertex -5.74533 -4.82091 0.599999
    endloop
  endfacet
  facet normal -0.191253 -0.410147 0.891741
    outer loop
      vertex -1.5 -2.59808 14.375
      vertex -3.75 -6.49519 12.1
      vertex -2.56515 -7.04769 12.1
    endloop
  endfacet
  facet normal -0.512908 -0.359143 -0.779706
    outer loop
      vertex -5.74533 -4.82091 0.599999
      vertex -6.49519 -3.75 0.599999
      vertex -5.84567 -3.375 0
    endloop
  endfacet
  facet normal -0.819152 -0.573577 0
    outer loop
      vertex -5.74533 -4.82091 0.599999
      vertex -6.49519 -3.75 12.1
      vertex -6.49519 -3.75 0.599999
    endloop
  endfacet
  facet normal -0.819152 -0.573577 0
    outer loop
      vertex -6.49519 -3.75 12.1
      vertex -5.74533 -4.82091 0.599999
      vertex -5.74533 -4.82091 12.1
    endloop
  endfacet
  facet normal -0.264617 0.567481 -0.779707
    outer loop
      vertex -2.30863 6.34292 0
      vertex -3.375 5.84567 0
      vertex -2.56515 7.04769 0.599999
    endloop
  endfacet
  facet normal 0.264619 -0.567482 -0.779706
    outer loop
      vertex 3.75 -6.49519 0.599999
      vertex 2.56515 -7.04769 0.599999
      vertex 3.375 -5.84567 0
    endloop
  endfacet
  facet normal 0.0545714 0.623764 -0.779706
    outer loop
      vertex 1.30236 7.38606 0.599999
      vertex 0 6.75 0
      vertex 0 7.5 0.599999
    endloop
  endfacet
  facet normal 0.0871544 0.996195 -0
    outer loop
      vertex 1.30236 7.38606 0.599999
      vertex 0 7.5 12.1
      vertex 1.30236 7.38606 12.1
    endloop
  endfacet
  facet normal 0.0871544 0.996195 0
    outer loop
      vertex 0 7.5 12.1
      vertex 1.30236 7.38606 0.599999
      vertex 0 7.5 0.599999
    endloop
  endfacet
  facet normal 0.117123 -0.437127 0.891741
    outer loop
      vertex 1.02606 -2.81908 14.375
      vertex 0.520944 -2.95442 14.375
      vertex 1.30236 -7.38606 12.1
    endloop
  endfacet
  facet normal 0.259575 0.3707 0.891741
    outer loop
      vertex 4.82091 5.74533 12.1
      vertex 1.5 2.59808 14.375
      vertex 1.92836 2.29813 14.375
    endloop
  endfacet
  facet normal 0.819154 0.573574 0
    outer loop
      vertex 6.2 4.17157 12.1
      vertex 5.74533 4.82091 0.599999
      vertex 5.74533 4.82091 12.1
    endloop
  endfacet
  facet normal 0.819154 0.573574 0
    outer loop
      vertex 5.74533 4.82091 0.599999
      vertex 6.2 4.17157 12.1
      vertex 6.2 4.17157 0.599999
    endloop
  endfacet
  facet normal 0.370705 -0.259569 0.891741
    outer loop
      vertex 2.48 -1.66863 14.375
      vertex 5.74533 -4.82091 12.1
      vertex 6.2 -4.17157 12.1
    endloop
  endfacet
  facet normal 0.264617 0.567481 -0.779707
    outer loop
      vertex 3.375 5.84567 0
      vertex 2.30863 6.34292 0
      vertex 2.56515 7.04769 0.599999
    endloop
  endfacet
  facet normal -0.191253 -0.410147 0.891741
    outer loop
      vertex -1.5 -2.59808 14.375
      vertex -2.56515 -7.04769 12.1
      vertex -1.02606 -2.81908 14.375
    endloop
  endfacet
  facet normal -0.11713 -0.437126 0.891741
    outer loop
      vertex -1.02606 -2.81908 14.375
      vertex -2.56515 -7.04769 12.1
      vertex -1.30236 -7.38606 12.1
    endloop
  endfacet
  facet normal -0.437127 -0.117123 0.891741
    outer loop
      vertex -2.95442 -0.520944 14.375
      vertex -7.38606 -1.30236 12.1
      vertex -2.81908 -1.02606 14.375
    endloop
  endfacet
  facet normal -0.3707 -0.259575 0.891741
    outer loop
      vertex -2.59808 -1.5 14.375
      vertex -5.74533 -4.82091 12.1
      vertex -2.29813 -1.92836 14.375
    endloop
  endfacet
  facet normal -0.623761 -0.0545735 -0.779708
    outer loop
      vertex -6.64745 -1.17212 0
      vertex -7.38606 -1.30236 0.599999
      vertex -6.75 0 0
    endloop
  endfacet
  facet normal -0.450825 0.0394414 0.891741
    outer loop
      vertex -7.38606 1.30236 12.1
      vertex -7.5 0 12.1
      vertex -3 0 14.375
    endloop
  endfacet
  facet normal -0.3707 0.259575 0.891741
    outer loop
      vertex -2.29813 1.92836 14.375
      vertex -5.74533 4.82091 12.1
      vertex -2.59808 1.5 14.375
    endloop
  endfacet
  facet normal -0.370705 0.25957 0.891741
    outer loop
      vertex -5.74533 4.82091 12.1
      vertex -6.49519 3.75 12.1
      vertex -2.59808 1.5 14.375
    endloop
  endfacet
  facet normal -0.410147 -0.191253 0.891741
    outer loop
      vertex -2.81908 -1.02606 14.375
      vertex -7.04769 -2.56515 12.1
      vertex -2.59808 -1.5 14.375
    endloop
  endfacet
  facet normal -0.437126 -0.11713 0.891741
    outer loop
      vertex -2.81908 -1.02606 14.375
      vertex -7.38606 -1.30236 12.1
      vertex -7.04769 -2.56515 12.1
    endloop
  endfacet
  facet normal -0.359142 -0.512911 -0.779704
    outer loop
      vertex -3.375 -5.84567 0
      vertex -4.82091 -5.74533 0.599999
      vertex -4.33882 -5.1708 0
    endloop
  endfacet
  facet normal -0.442753 0.442753 -0.779705
    outer loop
      vertex -5.1708 4.33882 0
      vertex -4.82091 5.74533 0.599999
      vertex -4.33882 5.1708 0
    endloop
  endfacet
  facet normal -0.442753 0.442753 -0.779705
    outer loop
      vertex -4.82091 5.74533 0.599999
      vertex -5.1708 4.33882 0
      vertex -5.74533 4.82091 0.599999
    endloop
  endfacet
  facet normal -0.264619 0.567482 -0.779706
    outer loop
      vertex -3.375 5.84567 0
      vertex -3.75 6.49519 0.599999
      vertex -2.56515 7.04769 0.599999
    endloop
  endfacet
  facet normal -0.359143 0.512908 -0.779706
    outer loop
      vertex -3.375 5.84567 0
      vertex -4.82091 5.74533 0.599999
      vertex -3.75 6.49519 0.599999
    endloop
  endfacet
  facet normal 0.359142 -0.512911 -0.779704
    outer loop
      vertex 4.82091 -5.74533 0.599999
      vertex 3.375 -5.84567 0
      vertex 4.33882 -5.1708 0
    endloop
  endfacet
  facet normal 0.695421 0 -0.718603
    outer loop
      vertex 5.58 -3.75442 0
      vertex 6.2 4.17157 0.599999
      vertex 6.2 -4.17157 0.599999
    endloop
  endfacet
  facet normal 0.695421 0 -0.718603
    outer loop
      vertex 6.2 4.17157 0.599999
      vertex 5.58 -3.75442 0
      vertex 5.58 3.75442 0
    endloop
  endfacet
  facet normal 0.0394414 0.450825 0.891741
    outer loop
      vertex 0 7.5 12.1
      vertex 0 3 14.375
      vertex 1.30236 7.38606 12.1
    endloop
  endfacet
  facet normal 0.162061 0.604809 -0.779707
    outer loop
      vertex 2.30863 6.34292 0
      vertex 1.30236 7.38606 0.599999
      vertex 2.56515 7.04769 0.599999
    endloop
  endfacet
  facet normal 0.0545735 0.623761 -0.779708
    outer loop
      vertex 1.17212 6.64745 0
      vertex 0 6.75 0
      vertex 1.30236 7.38606 0.599999
    endloop
  endfacet
  facet normal 0.52173 0 0.85311
    outer loop
      vertex 6.2 4.17157 12.1
      vertex 3 0 14.057
      vertex 6.2 -4.17157 12.1
    endloop
  endfacet
  facet normal 0.521765 -3.67205e-05 0.853089
    outer loop
      vertex 6.2 4.17157 12.1
      vertex 2.95442 0.520944 14.0849
      vertex 3 0 14.057
    endloop
  endfacet
  facet normal 0.521661 9.0735e-05 0.853153
    outer loop
      vertex 6.2 4.17157 12.1
      vertex 2.81908 1.02606 14.1676
      vertex 2.95442 0.520944 14.0849
    endloop
  endfacet
  facet normal 0.521763 -5.97008e-05 0.853091
    outer loop
      vertex 6.2 4.17157 12.1
      vertex 2.59808 1.5 14.3028
      vertex 2.81908 1.02606 14.1676
    endloop
  endfacet
  facet normal 0.521707 4.43734e-05 0.853125
    outer loop
      vertex 2.59808 1.5 14.3028
      vertex 6.2 4.17157 12.1
      vertex 2.48 1.66863 14.375
    endloop
  endfacet
  facet normal 0.521765 3.67205e-05 0.853089
    outer loop
      vertex 2.95442 -0.520944 14.0849
      vertex 6.2 -4.17157 12.1
      vertex 3 0 14.057
    endloop
  endfacet
  facet normal 0.521661 -9.0735e-05 0.853153
    outer loop
      vertex 2.81908 -1.02606 14.1676
      vertex 6.2 -4.17157 12.1
      vertex 2.95442 -0.520944 14.0849
    endloop
  endfacet
  facet normal 0.521763 5.97008e-05 0.853091
    outer loop
      vertex 2.59808 -1.5 14.3028
      vertex 6.2 -4.17157 12.1
      vertex 2.81908 -1.02606 14.1676
    endloop
  endfacet
  facet normal 0.521707 -4.43734e-05 0.853125
    outer loop
      vertex 6.2 -4.17157 12.1
      vertex 2.59808 -1.5 14.3028
      vertex 2.48 -1.66863 14.375
    endloop
  endfacet
  facet normal 0.573577 0.819152 -0
    outer loop
      vertex 4.82091 5.74533 0.599999
      vertex 3.75 6.49519 12.1
      vertex 4.82091 5.74533 12.1
    endloop
  endfacet
  facet normal 0.573577 0.819152 0
    outer loop
      vertex 3.75 6.49519 12.1
      vertex 4.82091 5.74533 0.599999
      vertex 3.75 6.49519 0.599999
    endloop
  endfacet
  facet normal 0.191253 0.410147 0.891741
    outer loop
      vertex 2.56515 7.04769 12.1
      vertex 1.5 2.59808 14.375
      vertex 3.75 6.49519 12.1
    endloop
  endfacet
  facet normal 0.707107 0.707107 0
    outer loop
      vertex 5.74533 4.82091 12.1
      vertex 4.82091 5.74533 0.599999
      vertex 4.82091 5.74533 12.1
    endloop
  endfacet
  facet normal 0.707107 0.707107 0
    outer loop
      vertex 4.82091 5.74533 0.599999
      vertex 5.74533 4.82091 12.1
      vertex 5.74533 4.82091 0.599999
    endloop
  endfacet
  facet normal 0.512911 0.359142 -0.779704
    outer loop
      vertex 6.2 4.17157 0.599999
      vertex 5.1708 4.33882 0
      vertex 5.74533 4.82091 0.599999
    endloop
  endfacet
  facet normal 0.264619 0.567482 -0.779706
    outer loop
      vertex 3.375 5.84567 0
      vertex 2.56515 7.04769 0.599999
      vertex 3.75 6.49519 0.599999
    endloop
  endfacet
  facet normal 0.573577 -0.819152 0
    outer loop
      vertex 3.75 -6.49519 0.599999
      vertex 4.82091 -5.74533 12.1
      vertex 3.75 -6.49519 12.1
    endloop
  endfacet
  facet normal 0.573577 -0.819152 0
    outer loop
      vertex 4.82091 -5.74533 12.1
      vertex 3.75 -6.49519 0.599999
      vertex 4.82091 -5.74533 0.599999
    endloop
  endfacet
  facet normal 0.819154 -0.573574 0
    outer loop
      vertex 5.74533 -4.82091 12.1
      vertex 6.2 -4.17157 0.599999
      vertex 6.2 -4.17157 12.1
    endloop
  endfacet
  facet normal 0.819154 -0.573574 0
    outer loop
      vertex 6.2 -4.17157 0.599999
      vertex 5.74533 -4.82091 12.1
      vertex 5.74533 -4.82091 0.599999
    endloop
  endfacet
  facet normal -0.259575 -0.3707 0.891741
    outer loop
      vertex -1.92836 -2.29813 14.375
      vertex -4.82091 -5.74533 12.1
      vertex -1.5 -2.59808 14.375
    endloop
  endfacet
  facet normal -0.25957 -0.370705 0.891741
    outer loop
      vertex -1.5 -2.59808 14.375
      vertex -4.82091 -5.74533 12.1
      vertex -3.75 -6.49519 12.1
    endloop
  endfacet
  facet normal -0.162061 -0.604809 -0.779707
    outer loop
      vertex -1.30236 -7.38606 0.599999
      vertex -2.56515 -7.04769 0.599999
      vertex -2.30863 -6.34292 0
    endloop
  endfacet
  facet normal 0.162059 -0.604808 -0.779708
    outer loop
      vertex 1.30236 -7.38606 0.599999
      vertex 1.17212 -6.64745 0
      vertex 2.30863 -6.34292 0
    endloop
  endfacet
  facet normal -0.359143 -0.512908 -0.779706
    outer loop
      vertex -3.75 -6.49519 0.599999
      vertex -4.82091 -5.74533 0.599999
      vertex -3.375 -5.84567 0
    endloop
  endfacet
  facet normal -0.707107 -0.707107 0
    outer loop
      vertex -4.82091 -5.74533 0.599999
      vertex -5.74533 -4.82091 12.1
      vertex -5.74533 -4.82091 0.599999
    endloop
  endfacet
  facet normal -0.707107 -0.707107 0
    outer loop
      vertex -5.74533 -4.82091 12.1
      vertex -4.82091 -5.74533 0.599999
      vertex -4.82091 -5.74533 12.1
    endloop
  endfacet
  facet normal -0.450824 -0.0394448 0.891741
    outer loop
      vertex -3 0 14.375
      vertex -7.38606 -1.30236 12.1
      vertex -2.95442 -0.520944 14.375
    endloop
  endfacet
  facet normal -0.437126 0.11713 0.891741
    outer loop
      vertex -7.04769 2.56515 12.1
      vertex -7.38606 1.30236 12.1
      vertex -2.81908 1.02606 14.375
    endloop
  endfacet
  facet normal -0.965925 0.258824 0
    outer loop
      vertex -7.38606 1.30236 0.599999
      vertex -7.04769 2.56515 12.1
      vertex -7.04769 2.56515 0.599999
    endloop
  endfacet
  facet normal -0.965925 0.258824 0
    outer loop
      vertex -7.04769 2.56515 12.1
      vertex -7.38606 1.30236 0.599999
      vertex -7.38606 1.30236 12.1
    endloop
  endfacet
  facet normal -0.410147 0.191253 0.891741
    outer loop
      vertex -6.49519 3.75 12.1
      vertex -7.04769 2.56515 12.1
      vertex -2.59808 1.5 14.375
    endloop
  endfacet
  facet normal -0.410147 0.191253 0.891741
    outer loop
      vertex -2.59808 1.5 14.375
      vertex -7.04769 2.56515 12.1
      vertex -2.81908 1.02606 14.375
    endloop
  endfacet
  facet normal -0.162061 0.604809 -0.779707
    outer loop
      vertex -2.30863 6.34292 0
      vertex -2.56515 7.04769 0.599999
      vertex -1.30236 7.38606 0.599999
    endloop
  endfacet
  facet normal 0.359143 -0.512908 -0.779706
    outer loop
      vertex 3.75 -6.49519 0.599999
      vertex 3.375 -5.84567 0
      vertex 4.82091 -5.74533 0.599999
    endloop
  endfacet
  facet normal 0.422615 -0.906309 0
    outer loop
      vertex 2.56515 -7.04769 0.599999
      vertex 3.75 -6.49519 12.1
      vertex 2.56515 -7.04769 12.1
    endloop
  endfacet
  facet normal 0.422615 -0.906309 0
    outer loop
      vertex 3.75 -6.49519 12.1
      vertex 2.56515 -7.04769 0.599999
      vertex 3.75 -6.49519 0.599999
    endloop
  endfacet
  facet normal 0.512911 -0.359143 -0.779704
    outer loop
      vertex 6.2 -4.17157 0.599999
      vertex 5.1708 -4.33882 0
      vertex 5.58 -3.75442 0
    endloop
  endfacet
  facet normal -0.0394414 0.450825 0.891741
    outer loop
      vertex 0 7.5 12.1
      vertex -1.30236 7.38606 12.1
      vertex 0 3 14.375
    endloop
  endfacet
  facet normal -0.117123 0.437127 0.891741
    outer loop
      vertex -0.520944 2.95442 14.375
      vertex -1.30236 7.38606 12.1
      vertex -1.02606 2.81908 14.375
    endloop
  endfacet
  facet normal -0.11713 0.437126 0.891741
    outer loop
      vertex -1.30236 7.38606 12.1
      vertex -2.56515 7.04769 12.1
      vertex -1.02606 2.81908 14.375
    endloop
  endfacet
  facet normal 0.11713 0.437126 0.891741
    outer loop
      vertex 1.30236 7.38606 12.1
      vertex 1.02606 2.81908 14.375
      vertex 2.56515 7.04769 12.1
    endloop
  endfacet
  facet normal 0.191253 0.410147 0.891741
    outer loop
      vertex 2.56515 7.04769 12.1
      vertex 1.02606 2.81908 14.375
      vertex 1.5 2.59808 14.375
    endloop
  endfacet
  facet normal 0.162059 0.604808 -0.779708
    outer loop
      vertex 2.30863 6.34292 0
      vertex 1.17212 6.64745 0
      vertex 1.30236 7.38606 0.599999
    endloop
  endfacet
  facet normal 0.370705 0.259569 0.891741
    outer loop
      vertex 5.74533 4.82091 12.1
      vertex 2.48 1.66863 14.375
      vertex 6.2 4.17157 12.1
    endloop
  endfacet
  facet normal 0.3707 0.259575 0.891741
    outer loop
      vertex 5.74533 4.82091 12.1
      vertex 2.29813 1.92836 14.375
      vertex 2.48 1.66863 14.375
    endloop
  endfacet
  facet normal 0.319999 0.319999 0.891741
    outer loop
      vertex 4.82091 5.74533 12.1
      vertex 2.29813 1.92836 14.375
      vertex 5.74533 4.82091 12.1
    endloop
  endfacet
  facet normal 0.319999 0.319999 0.891741
    outer loop
      vertex 2.29813 1.92836 14.375
      vertex 4.82091 5.74533 12.1
      vertex 1.92836 2.29813 14.375
    endloop
  endfacet
  facet normal 0.359143 0.512908 -0.779706
    outer loop
      vertex 4.82091 5.74533 0.599999
      vertex 3.375 5.84567 0
      vertex 3.75 6.49519 0.599999
    endloop
  endfacet
  facet normal 0.707107 -0.707107 0
    outer loop
      vertex 4.82091 -5.74533 12.1
      vertex 5.74533 -4.82091 0.599999
      vertex 5.74533 -4.82091 12.1
    endloop
  endfacet
  facet normal 0.707107 -0.707107 0
    outer loop
      vertex 5.74533 -4.82091 0.599999
      vertex 4.82091 -5.74533 12.1
      vertex 4.82091 -5.74533 0.599999
    endloop
  endfacet
  facet normal 0.25957 -0.370705 0.891741
    outer loop
      vertex 4.82091 -5.74533 12.1
      vertex 1.5 -2.59808 14.375
      vertex 3.75 -6.49519 12.1
    endloop
  endfacet
  facet normal 0.259575 -0.3707 0.891741
    outer loop
      vertex 1.92836 -2.29813 14.375
      vertex 1.5 -2.59808 14.375
      vertex 4.82091 -5.74533 12.1
    endloop
  endfacet
  facet normal 0.442753 -0.442753 -0.779705
    outer loop
      vertex 4.82091 -5.74533 0.599999
      vertex 5.1708 -4.33882 0
      vertex 5.74533 -4.82091 0.599999
    endloop
  endfacet
  facet normal 0.442753 -0.442753 -0.779705
    outer loop
      vertex 5.1708 -4.33882 0
      vertex 4.82091 -5.74533 0.599999
      vertex 4.33882 -5.1708 0
    endloop
  endfacet
  facet normal -0.264619 -0.567482 -0.779706
    outer loop
      vertex -2.56515 -7.04769 0.599999
      vertex -3.75 -6.49519 0.599999
      vertex -3.375 -5.84567 0
    endloop
  endfacet
  facet normal -0.573577 -0.819152 0
    outer loop
      vertex -4.82091 -5.74533 0.599999
      vertex -3.75 -6.49519 12.1
      vertex -4.82091 -5.74533 12.1
    endloop
  endfacet
  facet normal -0.573577 -0.819152 -0
    outer loop
      vertex -3.75 -6.49519 12.1
      vertex -4.82091 -5.74533 0.599999
      vertex -3.75 -6.49519 0.599999
    endloop
  endfacet
  facet normal -0.512911 -0.359142 -0.779704
    outer loop
      vertex -5.74533 -4.82091 0.599999
      vertex -5.84567 -3.375 0
      vertex -5.1708 -4.33882 0
    endloop
  endfacet
  facet normal -0.567481 -0.264617 -0.779707
    outer loop
      vertex -5.84567 -3.375 0
      vertex -7.04769 -2.56515 0.599999
      vertex -6.34292 -2.30863 0
    endloop
  endfacet
  facet normal -0.996195 0.0871544 0
    outer loop
      vertex -7.5 0 0.599999
      vertex -7.38606 1.30236 12.1
      vertex -7.38606 1.30236 0.599999
    endloop
  endfacet
  facet normal -0.996195 0.0871544 0
    outer loop
      vertex -7.38606 1.30236 12.1
      vertex -7.5 0 0.599999
      vertex -7.5 0 12.1
    endloop
  endfacet
  facet normal -0.437127 0.117123 0.891741
    outer loop
      vertex -2.81908 1.02606 14.375
      vertex -7.38606 1.30236 12.1
      vertex -2.95442 0.520944 14.375
    endloop
  endfacet
  facet normal -0.450824 0.0394448 0.891741
    outer loop
      vertex -2.95442 0.520944 14.375
      vertex -7.38606 1.30236 12.1
      vertex -3 0 14.375
    endloop
  endfacet
  facet normal -0.359142 0.512911 -0.779704
    outer loop
      vertex -4.33882 5.1708 0
      vertex -4.82091 5.74533 0.599999
      vertex -3.375 5.84567 0
    endloop
  endfacet
  facet normal -0.422615 0.906309 0
    outer loop
      vertex -2.56515 7.04769 0.599999
      vertex -3.75 6.49519 12.1
      vertex -2.56515 7.04769 12.1
    endloop
  endfacet
  facet normal -0.422615 0.906309 0
    outer loop
      vertex -3.75 6.49519 12.1
      vertex -2.56515 7.04769 0.599999
      vertex -3.75 6.49519 0.599999
    endloop
  endfacet
  facet normal -0.258824 0.965925 0
    outer loop
      vertex -1.30236 7.38606 0.599999
      vertex -2.56515 7.04769 12.1
      vertex -1.30236 7.38606 12.1
    endloop
  endfacet
  facet normal -0.258824 0.965925 0
    outer loop
      vertex -2.56515 7.04769 12.1
      vertex -1.30236 7.38606 0.599999
      vertex -2.56515 7.04769 0.599999
    endloop
  endfacet
  facet normal -0.162059 0.604808 -0.779708
    outer loop
      vertex -1.17212 6.64745 0
      vertex -2.30863 6.34292 0
      vertex -1.30236 7.38606 0.599999
    endloop
  endfacet
  facet normal -0.0545735 0.623761 -0.779708
    outer loop
      vertex -1.17212 6.64745 0
      vertex -1.30236 7.38606 0.599999
      vertex 0 6.75 0
    endloop
  endfacet
  facet normal 0.0394448 0.450824 0.891741
    outer loop
      vertex 1.30236 7.38606 12.1
      vertex 0 3 14.375
      vertex 0.520944 2.95442 14.375
    endloop
  endfacet
  facet normal 0.442753 0.442753 -0.779705
    outer loop
      vertex 5.1708 4.33882 0
      vertex 4.82091 5.74533 0.599999
      vertex 5.74533 4.82091 0.599999
    endloop
  endfacet
  facet normal 0.442753 0.442753 -0.779705
    outer loop
      vertex 4.82091 5.74533 0.599999
      vertex 5.1708 4.33882 0
      vertex 4.33882 5.1708 0
    endloop
  endfacet
  facet normal 0.319999 -0.319999 0.891741
    outer loop
      vertex 2.29813 -1.92836 14.375
      vertex 4.82091 -5.74533 12.1
      vertex 5.74533 -4.82091 12.1
    endloop
  endfacet
  facet normal 0.319999 -0.319999 0.891741
    outer loop
      vertex 4.82091 -5.74533 12.1
      vertex 2.29813 -1.92836 14.375
      vertex 1.92836 -2.29813 14.375
    endloop
  endfacet
  facet normal 0.3707 -0.259575 0.891741
    outer loop
      vertex 2.48 -1.66863 14.375
      vertex 2.29813 -1.92836 14.375
      vertex 5.74533 -4.82091 12.1
    endloop
  endfacet
  facet normal 0.191253 -0.410147 0.891741
    outer loop
      vertex 1.5 -2.59808 14.375
      vertex 1.02606 -2.81908 14.375
      vertex 2.56515 -7.04769 12.1
    endloop
  endfacet
  facet normal 0.512911 -0.359142 -0.779704
    outer loop
      vertex 5.74533 -4.82091 0.599999
      vertex 5.1708 -4.33882 0
      vertex 6.2 -4.17157 0.599999
    endloop
  endfacet
  facet normal -0.264617 -0.567481 -0.779707
    outer loop
      vertex -2.56515 -7.04769 0.599999
      vertex -3.375 -5.84567 0
      vertex -2.30863 -6.34292 0
    endloop
  endfacet
  facet normal 0 0 -1
    outer loop
      vertex 4.02173 -3.37463 0
      vertex 5.58 -3.75442 0
      vertex 5.1708 -4.33882 0
    endloop
  endfacet
  facet normal 0 0 -1
    outer loop
      vertex 5.58 -3.75442 0
      vertex 4.34 -2.9201 0
      vertex 5.58 3.75442 0
    endloop
  endfacet
  facet normal 0 0 -1
    outer loop
      vertex 4.34 2.9201 0
      vertex 5.58 3.75442 0
      vertex 4.34 -2.9201 0
    endloop
  endfacet
  facet normal 0 0 -1
    outer loop
      vertex 4.02173 -3.37463 0
      vertex 5.1708 -4.33882 0
      vertex 4.33882 -5.1708 0
    endloop
  endfacet
  facet normal 0 0 -1
    outer loop
      vertex 5.58 -3.75442 0
      vertex 4.02173 -3.37463 0
      vertex 4.34 -2.9201 0
    endloop
  endfacet
  facet normal 0 0 -1
    outer loop
      vertex 3.37463 -4.02173 0
      vertex 4.33882 -5.1708 0
      vertex 3.375 -5.84567 0
    endloop
  endfacet
  facet normal 0 0 -1
    outer loop
      vertex 4.33882 -5.1708 0
      vertex 3.37463 -4.02173 0
      vertex 4.02173 -3.37463 0
    endloop
  endfacet
  facet normal 0 0 -1
    outer loop
      vertex 3.375 -5.84567 0
      vertex 2.625 -4.54663 0
      vertex 3.37463 -4.02173 0
    endloop
  endfacet
  facet normal 0 0 -1
    outer loop
      vertex 2.30863 -6.34292 0
      vertex 2.625 -4.54663 0
      vertex 3.375 -5.84567 0
    endloop
  endfacet
  facet normal 0 0 -1
    outer loop
      vertex 2.30863 -6.34292 0
      vertex 1.79561 -4.93339 0
      vertex 2.625 -4.54663 0
    endloop
  endfacet
  facet normal 0 0 -1
    outer loop
      vertex 1.17212 -6.64745 0
      vertex 1.79561 -4.93339 0
      vertex 2.30863 -6.34292 0
    endloop
  endfacet
  facet normal 0 0 -1
    outer loop
      vertex 1.17212 -6.64745 0
      vertex 0.911652 -5.17024 0
      vertex 1.79561 -4.93339 0
    endloop
  endfacet
  facet normal 0 0 -1
    outer loop
      vertex 0 -6.75 0
      vertex 0.911652 -5.17024 0
      vertex 1.17212 -6.64745 0
    endloop
  endfacet
  facet normal 0 0 -1
    outer loop
      vertex 0 -6.75 0
      vertex 0 -5.25 0
      vertex 0.911652 -5.17024 0
    endloop
  endfacet
  facet normal 0 0 -1
    outer loop
      vertex 0 -6.75 0
      vertex -0.911652 -5.17024 0
      vertex 0 -5.25 0
    endloop
  endfacet
  facet normal 0 0 -1
    outer loop
      vertex -1.17212 -6.64745 0
      vertex -0.911652 -5.17024 0
      vertex 0 -6.75 0
    endloop
  endfacet
  facet normal 0 0 -1
    outer loop
      vertex -1.17212 -6.64745 0
      vertex -1.79561 -4.93339 0
      vertex -0.911652 -5.17024 0
    endloop
  endfacet
  facet normal 0 0 -1
    outer loop
      vertex -2.30863 -6.34292 0
      vertex -1.79561 -4.93339 0
      vertex -1.17212 -6.64745 0
    endloop
  endfacet
  facet normal 0 0 -1
    outer loop
      vertex -2.30863 -6.34292 0
      vertex -2.625 -4.54663 0
      vertex -1.79561 -4.93339 0
    endloop
  endfacet
  facet normal 0 0 -1
    outer loop
      vertex -3.375 -5.84567 0
      vertex -2.625 -4.54663 0
      vertex -2.30863 -6.34292 0
    endloop
  endfacet
  facet normal -0 0 -1
    outer loop
      vertex -2.625 -4.54663 0
      vertex -3.375 -5.84567 0
      vertex -3.37463 -4.02173 0
    endloop
  endfacet
  facet normal 0 0 -1
    outer loop
      vertex -4.33882 -5.1708 0
      vertex -3.37463 -4.02173 0
      vertex -3.375 -5.84567 0
    endloop
  endfacet
  facet normal -0 0 -1
    outer loop
      vertex -3.37463 -4.02173 0
      vertex -4.33882 -5.1708 0
      vertex -4.02173 -3.37463 0
    endloop
  endfacet
  facet normal 0 0 -1
    outer loop
      vertex -5.1708 -4.33882 0
      vertex -4.02173 -3.37463 0
      vertex -4.33882 -5.1708 0
    endloop
  endfacet
  facet normal -0 0 -1
    outer loop
      vertex -4.02173 -3.37463 0
      vertex -5.1708 -4.33882 0
      vertex -4.54663 -2.625 0
    endloop
  endfacet
  facet normal 0 0 -1
    outer loop
      vertex -5.84567 -3.375 0
      vertex -4.54663 -2.625 0
      vertex -5.1708 -4.33882 0
    endloop
  endfacet
  facet normal -0 0 -1
    outer loop
      vertex -4.54663 -2.625 0
      vertex -5.84567 -3.375 0
      vertex -4.93339 -1.79561 0
    endloop
  endfacet
  facet normal 0 0 -1
    outer loop
      vertex -6.34292 -2.30863 0
      vertex -4.93339 -1.79561 0
      vertex -5.84567 -3.375 0
    endloop
  endfacet
  facet normal -0 0 -1
    outer loop
      vertex -4.93339 -1.79561 0
      vertex -6.34292 -2.30863 0
      vertex -5.17024 -0.911652 0
    endloop
  endfacet
  facet normal 0 0 -1
    outer loop
      vertex 4.02173 3.37463 0
      vertex 5.58 3.75442 0
      vertex 4.34 2.9201 0
    endloop
  endfacet
  facet normal -0 0 -1
    outer loop
      vertex 5.58 3.75442 0
      vertex 4.02173 3.37463 0
      vertex 5.1708 4.33882 0
    endloop
  endfacet
  facet normal -0 0 -1
    outer loop
      vertex 5.1708 4.33882 0
      vertex 4.02173 3.37463 0
      vertex 4.33882 5.1708 0
    endloop
  endfacet
  facet normal 0 0 -1
    outer loop
      vertex 3.37463 4.02173 0
      vertex 4.33882 5.1708 0
      vertex 4.02173 3.37463 0
    endloop
  endfacet
  facet normal -0 0 -1
    outer loop
      vertex 4.33882 5.1708 0
      vertex 3.37463 4.02173 0
      vertex 3.375 5.84567 0
    endloop
  endfacet
  facet normal 0 0 -1
    outer loop
      vertex 2.625 4.54663 0
      vertex 3.375 5.84567 0
      vertex 3.37463 4.02173 0
    endloop
  endfacet
  facet normal 0 0 -1
    outer loop
      vertex 2.625 4.54663 0
      vertex 2.30863 6.34292 0
      vertex 3.375 5.84567 0
    endloop
  endfacet
  facet normal 0 0 -1
    outer loop
      vertex 1.79561 4.93339 0
      vertex 2.30863 6.34292 0
      vertex 2.625 4.54663 0
    endloop
  endfacet
  facet normal 0 0 -1
    outer loop
      vertex 1.79561 4.93339 0
      vertex 1.17212 6.64745 0
      vertex 2.30863 6.34292 0
    endloop
  endfacet
  facet normal 0 0 -1
    outer loop
      vertex 0.911652 5.17024 0
      vertex 1.17212 6.64745 0
      vertex 1.79561 4.93339 0
    endloop
  endfacet
  facet normal 0 0 -1
    outer loop
      vertex 0 5.25 0
      vertex 1.17212 6.64745 0
      vertex 0.911652 5.17024 0
    endloop
  endfacet
  facet normal 0 0 -1
    outer loop
      vertex 0 5.25 0
      vertex 0 6.75 0
      vertex 1.17212 6.64745 0
    endloop
  endfacet
  facet normal 0 0 -1
    outer loop
      vertex -0.911652 5.17024 0
      vertex 0 6.75 0
      vertex 0 5.25 0
    endloop
  endfacet
  facet normal 0 0 -1
    outer loop
      vertex -0.911652 5.17024 0
      vertex -1.17212 6.64745 0
      vertex 0 6.75 0
    endloop
  endfacet
  facet normal 0 0 -1
    outer loop
      vertex -1.79561 4.93339 0
      vertex -1.17212 6.64745 0
      vertex -0.911652 5.17024 0
    endloop
  endfacet
  facet normal 0 0 -1
    outer loop
      vertex -1.79561 4.93339 0
      vertex -2.30863 6.34292 0
      vertex -1.17212 6.64745 0
    endloop
  endfacet
  facet normal 0 0 -1
    outer loop
      vertex -2.625 4.54663 0
      vertex -2.30863 6.34292 0
      vertex -1.79561 4.93339 0
    endloop
  endfacet
  facet normal 0 0 -1
    outer loop
      vertex -3.375 5.84567 0
      vertex -2.625 4.54663 0
      vertex -3.37463 4.02173 0
    endloop
  endfacet
  facet normal 0 0 -1
    outer loop
      vertex -2.625 4.54663 0
      vertex -3.375 5.84567 0
      vertex -2.30863 6.34292 0
    endloop
  endfacet
  facet normal 0 0 -1
    outer loop
      vertex -4.33882 5.1708 0
      vertex -3.37463 4.02173 0
      vertex -4.02173 3.37463 0
    endloop
  endfacet
  facet normal 0 0 -1
    outer loop
      vertex -3.37463 4.02173 0
      vertex -4.33882 5.1708 0
      vertex -3.375 5.84567 0
    endloop
  endfacet
  facet normal 0 0 -1
    outer loop
      vertex -5.1708 4.33882 0
      vertex -4.02173 3.37463 0
      vertex -4.54663 2.625 0
    endloop
  endfacet
  facet normal 0 0 -1
    outer loop
      vertex -5.84567 3.375 0
      vertex -4.54663 2.625 0
      vertex -4.93339 1.79561 0
    endloop
  endfacet
  facet normal 0 0 -1
    outer loop
      vertex -6.34292 2.30863 0
      vertex -4.93339 1.79561 0
      vertex -5.17024 0.911652 0
    endloop
  endfacet
  facet normal 0 0 -1
    outer loop
      vertex -4.02173 3.37463 0
      vertex -5.1708 4.33882 0
      vertex -4.33882 5.1708 0
    endloop
  endfacet
  facet normal 0 0 -1
    outer loop
      vertex -6.64745 1.17212 0
      vertex -5.17024 0.911652 0
      vertex -5.25 0 0
    endloop
  endfacet
  facet normal 0 0 -1
    outer loop
      vertex -6.64745 -1.17212 0
      vertex -5.17024 -0.911652 0
      vertex -6.34292 -2.30863 0
    endloop
  endfacet
  facet normal 0 0 -1
    outer loop
      vertex -4.54663 2.625 0
      vertex -5.84567 3.375 0
      vertex -5.1708 4.33882 0
    endloop
  endfacet
  facet normal -0 0 -1
    outer loop
      vertex -5.17024 -0.911652 0
      vertex -6.64745 -1.17212 0
      vertex -5.25 0 0
    endloop
  endfacet
  facet normal 0 0 -1
    outer loop
      vertex -4.93339 1.79561 0
      vertex -6.34292 2.30863 0
      vertex -5.84567 3.375 0
    endloop
  endfacet
  facet normal 0 0 -1
    outer loop
      vertex -6.75 0 0
      vertex -5.25 0 0
      vertex -6.64745 -1.17212 0
    endloop
  endfacet
  facet normal 0 0 -1
    outer loop
      vertex -5.17024 0.911652 0
      vertex -6.64745 1.17212 0
      vertex -6.34292 2.30863 0
    endloop
  endfacet
  facet normal 0 0 -1
    outer loop
      vertex -5.25 0 0
      vertex -6.75 0 0
      vertex -6.64745 1.17212 0
    endloop
  endfacet
  facet normal 0 0 -1
    outer loop
      vertex 2 0 0
      vertex 3 0 0
      vertex 2.95442 -0.520944 0
    endloop
  endfacet
  facet normal 0 0 -1
    outer loop
      vertex 1.96961 -0.347296 0
      vertex 2.95442 -0.520944 0
      vertex 2.81908 -1.02606 0
    endloop
  endfacet
  facet normal 0 0 -1
    outer loop
      vertex 3 0 0
      vertex 2 0 0
      vertex 2.95442 0.520944 0
    endloop
  endfacet
  facet normal 0 0 -1
    outer loop
      vertex 1.87938 -0.68404 0
      vertex 2.81908 -1.02606 0
      vertex 2.59808 -1.5 0
    endloop
  endfacet
  facet normal 0 0 -1
    outer loop
      vertex 1.96961 0.347296 0
      vertex 2.95442 0.520944 0
      vertex 2 0 0
    endloop
  endfacet
  facet normal 0 0 -1
    outer loop
      vertex 1.73205 -1 0
      vertex 2.59808 -1.5 0
      vertex 2.29813 -1.92836 0
    endloop
  endfacet
  facet normal -0 0 -1
    outer loop
      vertex 2.95442 0.520944 0
      vertex 1.96961 0.347296 0
      vertex 2.81908 1.02606 0
    endloop
  endfacet
  facet normal 0 0 -1
    outer loop
      vertex 1.87938 0.68404 0
      vertex 2.81908 1.02606 0
      vertex 1.96961 0.347296 0
    endloop
  endfacet
  facet normal 0 0 -1
    outer loop
      vertex 2.95442 -0.520944 0
      vertex 1.96961 -0.347296 0
      vertex 2 0 0
    endloop
  endfacet
  facet normal 0 0 -1
    outer loop
      vertex 1.53209 -1.28557 0
      vertex 2.29813 -1.92836 0
      vertex 1.92836 -2.29813 0
    endloop
  endfacet
  facet normal 0 0 -1
    outer loop
      vertex 2.81908 -1.02606 0
      vertex 1.87938 -0.68404 0
      vertex 1.96961 -0.347296 0
    endloop
  endfacet
  facet normal 0 0 -1
    outer loop
      vertex 2.59808 -1.5 0
      vertex 1.73205 -1 0
      vertex 1.87938 -0.68404 0
    endloop
  endfacet
  facet normal 0 0 -1
    outer loop
      vertex 2.29813 -1.92836 0
      vertex 1.53209 -1.28557 0
      vertex 1.73205 -1 0
    endloop
  endfacet
  facet normal 0 0 -1
    outer loop
      vertex 1.28557 -1.53209 0
      vertex 1.92836 -2.29813 0
      vertex 1.5 -2.59808 0
    endloop
  endfacet
  facet normal 0 0 -1
    outer loop
      vertex 1.92836 -2.29813 0
      vertex 1.28557 -1.53209 0
      vertex 1.53209 -1.28557 0
    endloop
  endfacet
  facet normal 0 0 -1
    outer loop
      vertex 1 -1.73205 0
      vertex 1.5 -2.59808 0
      vertex 1.02606 -2.81908 0
    endloop
  endfacet
  facet normal 0 0 -1
    outer loop
      vertex 1.5 -2.59808 0
      vertex 1 -1.73205 0
      vertex 1.28557 -1.53209 0
    endloop
  endfacet
  facet normal 0 0 -1
    outer loop
      vertex 1.02606 -2.81908 0
      vertex 0.68404 -1.87938 0
      vertex 1 -1.73205 0
    endloop
  endfacet
  facet normal 0 0 -1
    outer loop
      vertex 0.520944 -2.95442 0
      vertex 0.68404 -1.87938 0
      vertex 1.02606 -2.81908 0
    endloop
  endfacet
  facet normal 0 0 -1
    outer loop
      vertex 0.520944 -2.95442 0
      vertex 0.347296 -1.96961 0
      vertex 0.68404 -1.87938 0
    endloop
  endfacet
  facet normal 0 0 -1
    outer loop
      vertex 0 -3 0
      vertex 0.347296 -1.96961 0
      vertex 0.520944 -2.95442 0
    endloop
  endfacet
  facet normal 0 0 -1
    outer loop
      vertex 0 -3 0
      vertex 0 -2 0
      vertex 0.347296 -1.96961 0
    endloop
  endfacet
  facet normal 0 0 -1
    outer loop
      vertex 0 -3 0
      vertex -0.347296 -1.96961 0
      vertex 0 -2 0
    endloop
  endfacet
  facet normal 0 0 -1
    outer loop
      vertex -0.520944 -2.95442 0
      vertex -0.347296 -1.96961 0
      vertex 0 -3 0
    endloop
  endfacet
  facet normal 0 0 -1
    outer loop
      vertex -0.520944 -2.95442 0
      vertex -0.68404 -1.87938 0
      vertex -0.347296 -1.96961 0
    endloop
  endfacet
  facet normal 0 0 -1
    outer loop
      vertex -1.02606 -2.81908 0
      vertex -0.68404 -1.87938 0
      vertex -0.520944 -2.95442 0
    endloop
  endfacet
  facet normal -0 0 -1
    outer loop
      vertex -0.68404 -1.87938 0
      vertex -1.02606 -2.81908 0
      vertex -1 -1.73205 0
    endloop
  endfacet
  facet normal 0 0 -1
    outer loop
      vertex -1.5 -2.59808 0
      vertex -1 -1.73205 0
      vertex -1.02606 -2.81908 0
    endloop
  endfacet
  facet normal -0 0 -1
    outer loop
      vertex -1 -1.73205 0
      vertex -1.5 -2.59808 0
      vertex -1.28557 -1.53209 0
    endloop
  endfacet
  facet normal 0 0 -1
    outer loop
      vertex -1.92836 -2.29813 0
      vertex -1.28557 -1.53209 0
      vertex -1.5 -2.59808 0
    endloop
  endfacet
  facet normal -0 0 -1
    outer loop
      vertex -1.28557 -1.53209 0
      vertex -1.92836 -2.29813 0
      vertex -1.53209 -1.28557 0
    endloop
  endfacet
  facet normal 0 0 -1
    outer loop
      vertex -2.29813 -1.92836 0
      vertex -1.53209 -1.28557 0
      vertex -1.92836 -2.29813 0
    endloop
  endfacet
  facet normal -0 0 -1
    outer loop
      vertex -1.53209 -1.28557 0
      vertex -2.29813 -1.92836 0
      vertex -1.73205 -1 0
    endloop
  endfacet
  facet normal 0 0 -1
    outer loop
      vertex -2.59808 -1.5 0
      vertex -1.73205 -1 0
      vertex -2.29813 -1.92836 0
    endloop
  endfacet
  facet normal -0 0 -1
    outer loop
      vertex -1.73205 -1 0
      vertex -2.59808 -1.5 0
      vertex -1.87938 -0.68404 0
    endloop
  endfacet
  facet normal 0 0 -1
    outer loop
      vertex -2.81908 -1.02606 0
      vertex -1.87938 -0.68404 0
      vertex -2.59808 -1.5 0
    endloop
  endfacet
  facet normal -0 0 -1
    outer loop
      vertex 2.81908 1.02606 0
      vertex 1.87938 0.68404 0
      vertex 2.59808 1.5 0
    endloop
  endfacet
  facet normal 0 0 -1
    outer loop
      vertex 1.73205 1 0
      vertex 2.59808 1.5 0
      vertex 1.87938 0.68404 0
    endloop
  endfacet
  facet normal -0 0 -1
    outer loop
      vertex 2.59808 1.5 0
      vertex 1.73205 1 0
      vertex 2.29813 1.92836 0
    endloop
  endfacet
  facet normal 0 0 -1
    outer loop
      vertex 1.53209 1.28557 0
      vertex 2.29813 1.92836 0
      vertex 1.73205 1 0
    endloop
  endfacet
  facet normal -0 0 -1
    outer loop
      vertex 2.29813 1.92836 0
      vertex 1.53209 1.28557 0
      vertex 1.92836 2.29813 0
    endloop
  endfacet
  facet normal 0 0 -1
    outer loop
      vertex 1.28557 1.53209 0
      vertex 1.92836 2.29813 0
      vertex 1.53209 1.28557 0
    endloop
  endfacet
  facet normal -0 0 -1
    outer loop
      vertex 1.92836 2.29813 0
      vertex 1.28557 1.53209 0
      vertex 1.5 2.59808 0
    endloop
  endfacet
  facet normal 0 0 -1
    outer loop
      vertex 1 1.73205 0
      vertex 1.5 2.59808 0
      vertex 1.28557 1.53209 0
    endloop
  endfacet
  facet normal -0 0 -1
    outer loop
      vertex 1.5 2.59808 0
      vertex 1 1.73205 0
      vertex 1.02606 2.81908 0
    endloop
  endfacet
  facet normal 0 0 -1
    outer loop
      vertex 0.68404 1.87938 0
      vertex 1.02606 2.81908 0
      vertex 1 1.73205 0
    endloop
  endfacet
  facet normal 0 0 -1
    outer loop
      vertex 0.68404 1.87938 0
      vertex 0.520944 2.95442 0
      vertex 1.02606 2.81908 0
    endloop
  endfacet
  facet normal 0 0 -1
    outer loop
      vertex 0.347296 1.96961 0
      vertex 0.520944 2.95442 0
      vertex 0.68404 1.87938 0
    endloop
  endfacet
  facet normal 0 0 -1
    outer loop
      vertex 0 2 0
      vertex 0.520944 2.95442 0
      vertex 0.347296 1.96961 0
    endloop
  endfacet
  facet normal 0 0 -1
    outer loop
      vertex 0 2 0
      vertex 0 3 0
      vertex 0.520944 2.95442 0
    endloop
  endfacet
  facet normal 0 0 -1
    outer loop
      vertex -0.347296 1.96961 0
      vertex 0 3 0
      vertex 0 2 0
    endloop
  endfacet
  facet normal 0 0 -1
    outer loop
      vertex -0.347296 1.96961 0
      vertex -0.520944 2.95442 0
      vertex 0 3 0
    endloop
  endfacet
  facet normal 0 0 -1
    outer loop
      vertex -0.68404 1.87938 0
      vertex -0.520944 2.95442 0
      vertex -0.347296 1.96961 0
    endloop
  endfacet
  facet normal 0 0 -1
    outer loop
      vertex -1.02606 2.81908 0
      vertex -0.68404 1.87938 0
      vertex -1 1.73205 0
    endloop
  endfacet
  facet normal 0 0 -1
    outer loop
      vertex -0.68404 1.87938 0
      vertex -1.02606 2.81908 0
      vertex -0.520944 2.95442 0
    endloop
  endfacet
  facet normal 0 0 -1
    outer loop
      vertex -1.5 2.59808 0
      vertex -1 1.73205 0
      vertex -1.28557 1.53209 0
    endloop
  endfacet
  facet normal 0 0 -1
    outer loop
      vertex -1 1.73205 0
      vertex -1.5 2.59808 0
      vertex -1.02606 2.81908 0
    endloop
  endfacet
  facet normal 0 0 -1
    outer loop
      vertex -1.92836 2.29813 0
      vertex -1.28557 1.53209 0
      vertex -1.53209 1.28557 0
    endloop
  endfacet
  facet normal 0 0 -1
    outer loop
      vertex -2.29813 1.92836 0
      vertex -1.53209 1.28557 0
      vertex -1.73205 1 0
    endloop
  endfacet
  facet normal 0 0 -1
    outer loop
      vertex -2.59808 1.5 0
      vertex -1.73205 1 0
      vertex -1.87938 0.68404 0
    endloop
  endfacet
  facet normal 0 0 -1
    outer loop
      vertex -1.28557 1.53209 0
      vertex -1.92836 2.29813 0
      vertex -1.5 2.59808 0
    endloop
  endfacet
  facet normal 0 0 -1
    outer loop
      vertex -2.81908 1.02606 0
      vertex -1.87938 0.68404 0
      vertex -1.96961 0.347296 0
    endloop
  endfacet
  facet normal 0 0 -1
    outer loop
      vertex -2.95442 0.520944 0
      vertex -1.96961 0.347296 0
      vertex -2 0 0
    endloop
  endfacet
  facet normal -0 0 -1
    outer loop
      vertex -1.87938 -0.68404 0
      vertex -2.81908 -1.02606 0
      vertex -1.96961 -0.347296 0
    endloop
  endfacet
  facet normal 0 0 -1
    outer loop
      vertex -1.53209 1.28557 0
      vertex -2.29813 1.92836 0
      vertex -1.92836 2.29813 0
    endloop
  endfacet
  facet normal 0 0 -1
    outer loop
      vertex -2.95442 -0.520944 0
      vertex -1.96961 -0.347296 0
      vertex -2.81908 -1.02606 0
    endloop
  endfacet
  facet normal 0 0 -1
    outer loop
      vertex -1.73205 1 0
      vertex -2.59808 1.5 0
      vertex -2.29813 1.92836 0
    endloop
  endfacet
  facet normal -0 0 -1
    outer loop
      vertex -1.96961 -0.347296 0
      vertex -2.95442 -0.520944 0
      vertex -2 0 0
    endloop
  endfacet
  facet normal 0 0 -1
    outer loop
      vertex -1.87938 0.68404 0
      vertex -2.81908 1.02606 0
      vertex -2.59808 1.5 0
    endloop
  endfacet
  facet normal 0 0 -1
    outer loop
      vertex -3 0 0
      vertex -2 0 0
      vertex -2.95442 -0.520944 0
    endloop
  endfacet
  facet normal 0 0 -1
    outer loop
      vertex -1.96961 0.347296 0
      vertex -2.95442 0.520944 0
      vertex -2.81908 1.02606 0
    endloop
  endfacet
  facet normal 0 0 -1
    outer loop
      vertex -2 0 0
      vertex -3 0 0
      vertex -2.95442 0.520944 0
    endloop
  endfacet
  facet normal -0.567482 -0.264619 -0.779706
    outer loop
      vertex -6.49519 -3.75 0.599999
      vertex -7.04769 -2.56515 0.599999
      vertex -5.84567 -3.375 0
    endloop
  endfacet
  facet normal -0.906309 0.422615 0
    outer loop
      vertex -7.04769 2.56515 0.599999
      vertex -6.49519 3.75 12.1
      vertex -6.49519 3.75 0.599999
    endloop
  endfacet
  facet normal -0.906309 0.422615 0
    outer loop
      vertex -6.49519 3.75 12.1
      vertex -7.04769 2.56515 0.599999
      vertex -7.04769 2.56515 12.1
    endloop
  endfacet
  facet normal -0.604809 0.162061 -0.779707
    outer loop
      vertex -6.34292 2.30863 0
      vertex -7.38606 1.30236 0.599999
      vertex -7.04769 2.56515 0.599999
    endloop
  endfacet
  facet normal -0.191253 0.410147 0.891741
    outer loop
      vertex -1.02606 2.81908 14.375
      vertex -2.56515 7.04769 12.1
      vertex -1.5 2.59808 14.375
    endloop
  endfacet
  facet normal -0.191253 0.410147 0.891741
    outer loop
      vertex -2.56515 7.04769 12.1
      vertex -3.75 6.49519 12.1
      vertex -1.5 2.59808 14.375
    endloop
  endfacet
  facet normal 0.117123 0.437127 0.891741
    outer loop
      vertex 1.30236 7.38606 12.1
      vertex 0.520944 2.95442 14.375
      vertex 1.02606 2.81908 14.375
    endloop
  endfacet
  facet normal 0.0871544 -0.996195 0
    outer loop
      vertex 0 -7.5 0.599999
      vertex 1.30236 -7.38606 12.1
      vertex 0 -7.5 12.1
    endloop
  endfacet
  facet normal 0.0871544 -0.996195 0
    outer loop
      vertex 1.30236 -7.38606 12.1
      vertex 0 -7.5 0.599999
      vertex 1.30236 -7.38606 0.599999
    endloop
  endfacet
  facet normal -0.0545735 -0.623761 -0.779708
    outer loop
      vertex 0 -6.75 0
      vertex -1.30236 -7.38606 0.599999
      vertex -1.17212 -6.64745 0
    endloop
  endfacet
  facet normal -0.906309 -0.422615 0
    outer loop
      vertex -6.49519 -3.75 0.599999
      vertex -7.04769 -2.56515 12.1
      vertex -7.04769 -2.56515 0.599999
    endloop
  endfacet
  facet normal -0.906309 -0.422615 0
    outer loop
      vertex -7.04769 -2.56515 12.1
      vertex -6.49519 -3.75 0.599999
      vertex -6.49519 -3.75 12.1
    endloop
  endfacet
  facet normal -0.819152 0.573577 0
    outer loop
      vertex -6.49519 3.75 0.599999
      vertex -5.74533 4.82091 12.1
      vertex -5.74533 4.82091 0.599999
    endloop
  endfacet
  facet normal -0.819152 0.573577 0
    outer loop
      vertex -5.74533 4.82091 12.1
      vertex -6.49519 3.75 0.599999
      vertex -6.49519 3.75 12.1
    endloop
  endfacet
  facet normal -0.707107 0.707107 0
    outer loop
      vertex -5.74533 4.82091 0.599999
      vertex -4.82091 5.74533 12.1
      vertex -4.82091 5.74533 0.599999
    endloop
  endfacet
  facet normal -0.707107 0.707107 0
    outer loop
      vertex -4.82091 5.74533 12.1
      vertex -5.74533 4.82091 0.599999
      vertex -5.74533 4.82091 12.1
    endloop
  endfacet
  facet normal -0.623761 0.0545735 -0.779708
    outer loop
      vertex -6.75 0 0
      vertex -7.38606 1.30236 0.599999
      vertex -6.64745 1.17212 0
    endloop
  endfacet
  facet normal -0.567481 0.264617 -0.779707
    outer loop
      vertex -6.34292 2.30863 0
      vertex -7.04769 2.56515 0.599999
      vertex -5.84567 3.375 0
    endloop
  endfacet
  facet normal -0.0394448 0.450824 0.891741
    outer loop
      vertex 0 3 14.375
      vertex -1.30236 7.38606 12.1
      vertex -0.520944 2.95442 14.375
    endloop
  endfacet
  facet normal -0.25957 0.370705 0.891741
    outer loop
      vertex -3.75 6.49519 12.1
      vertex -4.82091 5.74533 12.1
      vertex -1.5 2.59808 14.375
    endloop
  endfacet
  facet normal 0.264617 -0.567481 -0.779707
    outer loop
      vertex 2.56515 -7.04769 0.599999
      vertex 2.30863 -6.34292 0
      vertex 3.375 -5.84567 0
    endloop
  endfacet
  facet normal 0.0545735 -0.623761 -0.779708
    outer loop
      vertex 1.30236 -7.38606 0.599999
      vertex 0 -6.75 0
      vertex 1.17212 -6.64745 0
    endloop
  endfacet
  facet normal -0.0545714 -0.623764 -0.779706
    outer loop
      vertex 0 -7.5 0.599999
      vertex -1.30236 -7.38606 0.599999
      vertex 0 -6.75 0
    endloop
  endfacet
  facet normal -0.0871544 -0.996195 0
    outer loop
      vertex -1.30236 -7.38606 0.599999
      vertex 0 -7.5 12.1
      vertex -1.30236 -7.38606 12.1
    endloop
  endfacet
  facet normal -0.0871544 -0.996195 -0
    outer loop
      vertex 0 -7.5 12.1
      vertex -1.30236 -7.38606 0.599999
      vertex 0 -7.5 0.599999
    endloop
  endfacet
  facet normal -0.604809 -0.162061 -0.779707
    outer loop
      vertex -7.04769 -2.56515 0.599999
      vertex -7.38606 -1.30236 0.599999
      vertex -6.34292 -2.30863 0
    endloop
  endfacet
  facet normal -0.965925 -0.258824 0
    outer loop
      vertex -7.04769 -2.56515 0.599999
      vertex -7.38606 -1.30236 12.1
      vertex -7.38606 -1.30236 0.599999
    endloop
  endfacet
  facet normal -0.965925 -0.258824 0
    outer loop
      vertex -7.38606 -1.30236 12.1
      vertex -7.04769 -2.56515 0.599999
      vertex -7.04769 -2.56515 12.1
    endloop
  endfacet
  facet normal -0.512908 0.359143 -0.779706
    outer loop
      vertex -5.84567 3.375 0
      vertex -6.49519 3.75 0.599999
      vertex -5.74533 4.82091 0.599999
    endloop
  endfacet
  facet normal -0.604808 -0.162059 -0.779708
    outer loop
      vertex -6.34292 -2.30863 0
      vertex -7.38606 -1.30236 0.599999
      vertex -6.64745 -1.17212 0
    endloop
  endfacet
  facet normal -0.623764 -0.0545714 -0.779706
    outer loop
      vertex -7.38606 -1.30236 0.599999
      vertex -7.5 0 0.599999
      vertex -6.75 0 0
    endloop
  endfacet
  facet normal -0.623764 0.0545714 -0.779706
    outer loop
      vertex -6.75 0 0
      vertex -7.5 0 0.599999
      vertex -7.38606 1.30236 0.599999
    endloop
  endfacet
  facet normal -0.259575 0.3707 0.891741
    outer loop
      vertex -1.5 2.59808 14.375
      vertex -4.82091 5.74533 12.1
      vertex -1.92836 2.29813 14.375
    endloop
  endfacet
  facet normal 0.162061 -0.604809 -0.779707
    outer loop
      vertex 2.56515 -7.04769 0.599999
      vertex 1.30236 -7.38606 0.599999
      vertex 2.30863 -6.34292 0
    endloop
  endfacet
  facet normal 0.258824 -0.965925 0
    outer loop
      vertex 1.30236 -7.38606 0.599999
      vertex 2.56515 -7.04769 12.1
      vertex 1.30236 -7.38606 12.1
    endloop
  endfacet
  facet normal 0.258824 -0.965925 0
    outer loop
      vertex 2.56515 -7.04769 12.1
      vertex 1.30236 -7.38606 0.599999
      vertex 2.56515 -7.04769 0.599999
    endloop
  endfacet
  facet normal -0.162059 -0.604808 -0.779708
    outer loop
      vertex -1.30236 -7.38606 0.599999
      vertex -2.30863 -6.34292 0
      vertex -1.17212 -6.64745 0
    endloop
  endfacet
  facet normal -0.604808 0.162059 -0.779708
    outer loop
      vertex -6.64745 1.17212 0
      vertex -7.38606 1.30236 0.599999
      vertex -6.34292 2.30863 0
    endloop
  endfacet
  facet normal -0.512911 0.359142 -0.779704
    outer loop
      vertex -5.1708 4.33882 0
      vertex -5.84567 3.375 0
      vertex -5.74533 4.82091 0.599999
    endloop
  endfacet
  facet normal 0.996194 0.087162 0
    outer loop
      vertex 3 0 22.4
      vertex 2.95442 0.520944 14.0849
      vertex 2.95442 0.520944 22.4
    endloop
  endfacet
  facet normal 0.996194 0.087162 0
    outer loop
      vertex 2.95442 0.520944 14.0849
      vertex 3 0 22.4
      vertex 3 0 14.057
    endloop
  endfacet
  facet normal -0.996194 0.087162 0
    outer loop
      vertex -3 0 14.375
      vertex -2.95442 0.520944 22.4
      vertex -2.95442 0.520944 14.375
    endloop
  endfacet
  facet normal -0.996194 0.087162 0
    outer loop
      vertex -2.95442 0.520944 22.4
      vertex -3 0 14.375
      vertex -3 0 22.4
    endloop
  endfacet
  facet normal 0.087162 0.996194 -0
    outer loop
      vertex 0.520944 2.95442 14.375
      vertex 0 3 22.4
      vertex 0.520944 2.95442 22.4
    endloop
  endfacet
  facet normal 0.087162 0.996194 0
    outer loop
      vertex 0 3 22.4
      vertex 0.520944 2.95442 14.375
      vertex 0 3 14.375
    endloop
  endfacet
  facet normal 0.707107 0.707107 0
    outer loop
      vertex 2.29813 1.92836 22.4
      vertex 1.92836 2.29813 14.375
      vertex 1.92836 2.29813 22.4
    endloop
  endfacet
  facet normal 0.707107 0.707107 0
    outer loop
      vertex 1.92836 2.29813 14.375
      vertex 2.29813 1.92836 22.4
      vertex 2.29813 1.92836 14.375
    endloop
  endfacet
  facet normal -0.573588 0.819144 0
    outer loop
      vertex -1.5 2.59808 14.375
      vertex -1.92836 2.29813 22.4
      vertex -1.5 2.59808 22.4
    endloop
  endfacet
  facet normal -0.573588 0.819144 0
    outer loop
      vertex -1.92836 2.29813 22.4
      vertex -1.5 2.59808 14.375
      vertex -1.92836 2.29813 14.375
    endloop
  endfacet
  facet normal -0.258809 0.965928 0
    outer loop
      vertex -0.520944 2.95442 14.375
      vertex -1.02606 2.81908 22.4
      vertex -0.520944 2.95442 22.4
    endloop
  endfacet
  facet normal -0.258809 0.965928 0
    outer loop
      vertex -1.02606 2.81908 22.4
      vertex -0.520944 2.95442 14.375
      vertex -1.02606 2.81908 14.375
    endloop
  endfacet
  facet normal 0.906309 0.422615 0
    outer loop
      vertex 2.81908 1.02606 22.4
      vertex 2.59808 1.5 14.3028
      vertex 2.59808 1.5 22.4
    endloop
  endfacet
  facet normal 0.906309 0.422615 0
    outer loop
      vertex 2.59808 1.5 14.3028
      vertex 2.81908 1.02606 22.4
      vertex 2.81908 1.02606 14.1676
    endloop
  endfacet
  facet normal 0.965928 0.258809 0
    outer loop
      vertex 2.95442 0.520944 22.4
      vertex 2.81908 1.02606 14.1676
      vertex 2.81908 1.02606 22.4
    endloop
  endfacet
  facet normal 0.965928 0.258809 0
    outer loop
      vertex 2.81908 1.02606 14.1676
      vertex 2.95442 0.520944 22.4
      vertex 2.95442 0.520944 14.0849
    endloop
  endfacet
  facet normal 0.819144 0.573587 0
    outer loop
      vertex 2.29813 1.92836 22.4
      vertex 2.48 1.66863 14.375
      vertex 2.29813 1.92836 14.375
    endloop
  endfacet
  facet normal 0.819144 0.573588 -4.29637e-08
    outer loop
      vertex 2.59808 1.5 22.4
      vertex 2.48 1.66863 14.375
      vertex 2.29813 1.92836 22.4
    endloop
  endfacet
  facet normal 0.819143 0.573589 0
    outer loop
      vertex 2.48 1.66863 14.375
      vertex 2.59808 1.5 22.4
      vertex 2.59808 1.5 14.3028
    endloop
  endfacet
  facet normal 0.422615 0.906309 -0
    outer loop
      vertex 1.5 2.59808 14.375
      vertex 1.02606 2.81908 22.4
      vertex 1.5 2.59808 22.4
    endloop
  endfacet
  facet normal 0.422615 0.906309 0
    outer loop
      vertex 1.02606 2.81908 22.4
      vertex 1.5 2.59808 14.375
      vertex 1.02606 2.81908 14.375
    endloop
  endfacet
  facet normal 0.258809 0.965928 -0
    outer loop
      vertex 1.02606 2.81908 14.375
      vertex 0.520944 2.95442 22.4
      vertex 1.02606 2.81908 22.4
    endloop
  endfacet
  facet normal 0.258809 0.965928 0
    outer loop
      vertex 0.520944 2.95442 22.4
      vertex 1.02606 2.81908 14.375
      vertex 0.520944 2.95442 14.375
    endloop
  endfacet
  facet normal 0.573588 0.819144 -0
    outer loop
      vertex 1.92836 2.29813 14.375
      vertex 1.5 2.59808 22.4
      vertex 1.92836 2.29813 22.4
    endloop
  endfacet
  facet normal 0.573588 0.819144 0
    outer loop
      vertex 1.5 2.59808 22.4
      vertex 1.92836 2.29813 14.375
      vertex 1.5 2.59808 14.375
    endloop
  endfacet
  facet normal -0.819144 0.573588 0
    outer loop
      vertex -2.59808 1.5 14.375
      vertex -2.29813 1.92836 22.4
      vertex -2.29813 1.92836 14.375
    endloop
  endfacet
  facet normal -0.819144 0.573588 0
    outer loop
      vertex -2.29813 1.92836 22.4
      vertex -2.59808 1.5 14.375
      vertex -2.59808 1.5 22.4
    endloop
  endfacet
  facet normal -0.707107 0.707107 0
    outer loop
      vertex -2.29813 1.92836 14.375
      vertex -1.92836 2.29813 22.4
      vertex -1.92836 2.29813 14.375
    endloop
  endfacet
  facet normal -0.707107 0.707107 0
    outer loop
      vertex -1.92836 2.29813 22.4
      vertex -2.29813 1.92836 14.375
      vertex -2.29813 1.92836 22.4
    endloop
  endfacet
  facet normal -0.906309 0.422615 0
    outer loop
      vertex -2.81908 1.02606 14.375
      vertex -2.59808 1.5 22.4
      vertex -2.59808 1.5 14.375
    endloop
  endfacet
  facet normal -0.906309 0.422615 0
    outer loop
      vertex -2.59808 1.5 22.4
      vertex -2.81908 1.02606 14.375
      vertex -2.81908 1.02606 22.4
    endloop
  endfacet
  facet normal -0.422615 0.906309 0
    outer loop
      vertex -1.02606 2.81908 14.375
      vertex -1.5 2.59808 22.4
      vertex -1.02606 2.81908 22.4
    endloop
  endfacet
  facet normal -0.422615 0.906309 0
    outer loop
      vertex -1.5 2.59808 22.4
      vertex -1.02606 2.81908 14.375
      vertex -1.5 2.59808 14.375
    endloop
  endfacet
  facet normal -0.087162 0.996194 0
    outer loop
      vertex 0 3 14.375
      vertex -0.520944 2.95442 22.4
      vertex 0 3 22.4
    endloop
  endfacet
  facet normal -0.087162 0.996194 0
    outer loop
      vertex -0.520944 2.95442 22.4
      vertex 0 3 14.375
      vertex -0.520944 2.95442 14.375
    endloop
  endfacet
  facet normal 0.573588 -0.819144 0
    outer loop
      vertex 1.5 -2.59808 14.375
      vertex 1.92836 -2.29813 22.4
      vertex 1.5 -2.59808 22.4
    endloop
  endfacet
  facet normal 0.573588 -0.819144 0
    outer loop
      vertex 1.92836 -2.29813 22.4
      vertex 1.5 -2.59808 14.375
      vertex 1.92836 -2.29813 14.375
    endloop
  endfacet
  facet normal 0.819143 -0.573589 0
    outer loop
      vertex 2.59808 -1.5 22.4
      vertex 2.48 -1.66863 14.375
      vertex 2.59808 -1.5 14.3028
    endloop
  endfacet
  facet normal 0.819144 -0.573588 -4.29637e-08
    outer loop
      vertex 2.29813 -1.92836 22.4
      vertex 2.48 -1.66863 14.375
      vertex 2.59808 -1.5 22.4
    endloop
  endfacet
  facet normal 0.819144 -0.573587 0
    outer loop
      vertex 2.48 -1.66863 14.375
      vertex 2.29813 -1.92836 22.4
      vertex 2.29813 -1.92836 14.375
    endloop
  endfacet
  facet normal 0.965928 -0.258809 0
    outer loop
      vertex 2.81908 -1.02606 14.1676
      vertex 2.95442 -0.520944 22.4
      vertex 2.81908 -1.02606 22.4
    endloop
  endfacet
  facet normal 0.965928 -0.258809 0
    outer loop
      vertex 2.95442 -0.520944 22.4
      vertex 2.81908 -1.02606 14.1676
      vertex 2.95442 -0.520944 14.0849
    endloop
  endfacet
  facet normal -0.573588 -0.819144 0
    outer loop
      vertex -1.92836 -2.29813 14.375
      vertex -1.5 -2.59808 22.4
      vertex -1.92836 -2.29813 22.4
    endloop
  endfacet
  facet normal -0.573588 -0.819144 -0
    outer loop
      vertex -1.5 -2.59808 22.4
      vertex -1.92836 -2.29813 14.375
      vertex -1.5 -2.59808 14.375
    endloop
  endfacet
  facet normal -0.707107 -0.707107 0
    outer loop
      vertex -1.92836 -2.29813 14.375
      vertex -2.29813 -1.92836 22.4
      vertex -2.29813 -1.92836 14.375
    endloop
  endfacet
  facet normal -0.707107 -0.707107 0
    outer loop
      vertex -2.29813 -1.92836 22.4
      vertex -1.92836 -2.29813 14.375
      vertex -1.92836 -2.29813 22.4
    endloop
  endfacet
  facet normal -0.422615 -0.906309 0
    outer loop
      vertex -1.5 -2.59808 14.375
      vertex -1.02606 -2.81908 22.4
      vertex -1.5 -2.59808 22.4
    endloop
  endfacet
  facet normal -0.422615 -0.906309 -0
    outer loop
      vertex -1.02606 -2.81908 22.4
      vertex -1.5 -2.59808 14.375
      vertex -1.02606 -2.81908 14.375
    endloop
  endfacet
  facet normal -0.906309 -0.422615 0
    outer loop
      vertex -2.59808 -1.5 14.375
      vertex -2.81908 -1.02606 22.4
      vertex -2.81908 -1.02606 14.375
    endloop
  endfacet
  facet normal -0.906309 -0.422615 0
    outer loop
      vertex -2.81908 -1.02606 22.4
      vertex -2.59808 -1.5 14.375
      vertex -2.59808 -1.5 22.4
    endloop
  endfacet
  facet normal -0.819144 -0.573588 0
    outer loop
      vertex -2.29813 -1.92836 14.375
      vertex -2.59808 -1.5 22.4
      vertex -2.59808 -1.5 14.375
    endloop
  endfacet
  facet normal -0.819144 -0.573588 0
    outer loop
      vertex -2.59808 -1.5 22.4
      vertex -2.29813 -1.92836 14.375
      vertex -2.29813 -1.92836 22.4
    endloop
  endfacet
  facet normal -0.996194 -0.087162 0
    outer loop
      vertex -2.95442 -0.520944 14.375
      vertex -3 0 22.4
      vertex -3 0 14.375
    endloop
  endfacet
  facet normal -0.996194 -0.087162 0
    outer loop
      vertex -3 0 22.4
      vertex -2.95442 -0.520944 14.375
      vertex -2.95442 -0.520944 22.4
    endloop
  endfacet
  facet normal -0.965928 0.258809 0
    outer loop
      vertex -2.95442 0.520944 14.375
      vertex -2.81908 1.02606 22.4
      vertex -2.81908 1.02606 14.375
    endloop
  endfacet
  facet normal -0.965928 0.258809 0
    outer loop
      vertex -2.81908 1.02606 22.4
      vertex -2.95442 0.520944 14.375
      vertex -2.95442 0.520944 22.4
    endloop
  endfacet
  facet normal 0 0 1
    outer loop
      vertex 2 0 22.4
      vertex 3 0 22.4
      vertex 2.95442 0.520944 22.4
    endloop
  endfacet
  facet normal 0 0 1
    outer loop
      vertex 1.96961 0.347296 22.4
      vertex 2.95442 0.520944 22.4
      vertex 2.81908 1.02606 22.4
    endloop
  endfacet
  facet normal 0 0 1
    outer loop
      vertex 3 0 22.4
      vertex 2 0 22.4
      vertex 2.95442 -0.520944 22.4
    endloop
  endfacet
  facet normal 0 0 1
    outer loop
      vertex 1.87938 0.68404 22.4
      vertex 2.81908 1.02606 22.4
      vertex 2.59808 1.5 22.4
    endloop
  endfacet
  facet normal -0 0 1
    outer loop
      vertex 1.96961 -0.347296 22.4
      vertex 2.95442 -0.520944 22.4
      vertex 2 0 22.4
    endloop
  endfacet
  facet normal 0 0 1
    outer loop
      vertex 1.73205 1 22.4
      vertex 2.59808 1.5 22.4
      vertex 2.29813 1.92836 22.4
    endloop
  endfacet
  facet normal 0 0 1
    outer loop
      vertex 2.95442 -0.520944 22.4
      vertex 1.96961 -0.347296 22.4
      vertex 2.81908 -1.02606 22.4
    endloop
  endfacet
  facet normal -0 0 1
    outer loop
      vertex 1.87938 -0.68404 22.4
      vertex 2.81908 -1.02606 22.4
      vertex 1.96961 -0.347296 22.4
    endloop
  endfacet
  facet normal 0 0 1
    outer loop
      vertex 2.95442 0.520944 22.4
      vertex 1.96961 0.347296 22.4
      vertex 2 0 22.4
    endloop
  endfacet
  facet normal 0 0 1
    outer loop
      vertex 1.53209 1.28557 22.4
      vertex 2.29813 1.92836 22.4
      vertex 1.92836 2.29813 22.4
    endloop
  endfacet
  facet normal 0 0 1
    outer loop
      vertex 2.81908 1.02606 22.4
      vertex 1.87938 0.68404 22.4
      vertex 1.96961 0.347296 22.4
    endloop
  endfacet
  facet normal 0 0 1
    outer loop
      vertex 2.59808 1.5 22.4
      vertex 1.73205 1 22.4
      vertex 1.87938 0.68404 22.4
    endloop
  endfacet
  facet normal 0 0 1
    outer loop
      vertex 2.29813 1.92836 22.4
      vertex 1.53209 1.28557 22.4
      vertex 1.73205 1 22.4
    endloop
  endfacet
  facet normal 0 0 1
    outer loop
      vertex 1.28557 1.53209 22.4
      vertex 1.92836 2.29813 22.4
      vertex 1.5 2.59808 22.4
    endloop
  endfacet
  facet normal 0 0 1
    outer loop
      vertex 1.92836 2.29813 22.4
      vertex 1.28557 1.53209 22.4
      vertex 1.53209 1.28557 22.4
    endloop
  endfacet
  facet normal 0 0 1
    outer loop
      vertex 1 1.73205 22.4
      vertex 1.5 2.59808 22.4
      vertex 1.02606 2.81908 22.4
    endloop
  endfacet
  facet normal 0 0 1
    outer loop
      vertex 1.5 2.59808 22.4
      vertex 1 1.73205 22.4
      vertex 1.28557 1.53209 22.4
    endloop
  endfacet
  facet normal 0 0 1
    outer loop
      vertex 1.02606 2.81908 22.4
      vertex 0.68404 1.87938 22.4
      vertex 1 1.73205 22.4
    endloop
  endfacet
  facet normal 0 0 1
    outer loop
      vertex 0.520944 2.95442 22.4
      vertex 0.68404 1.87938 22.4
      vertex 1.02606 2.81908 22.4
    endloop
  endfacet
  facet normal 0 0 1
    outer loop
      vertex 0.520944 2.95442 22.4
      vertex 0.347296 1.96961 22.4
      vertex 0.68404 1.87938 22.4
    endloop
  endfacet
  facet normal 0 0 1
    outer loop
      vertex 0 3 22.4
      vertex 0.347296 1.96961 22.4
      vertex 0.520944 2.95442 22.4
    endloop
  endfacet
  facet normal 0 0 1
    outer loop
      vertex 0 3 22.4
      vertex 0 2 22.4
      vertex 0.347296 1.96961 22.4
    endloop
  endfacet
  facet normal 0 0 1
    outer loop
      vertex 0 3 22.4
      vertex -0.347296 1.96961 22.4
      vertex 0 2 22.4
    endloop
  endfacet
  facet normal -0 0 1
    outer loop
      vertex -0.520944 2.95442 22.4
      vertex -0.347296 1.96961 22.4
      vertex 0 3 22.4
    endloop
  endfacet
  facet normal 0 0 1
    outer loop
      vertex -0.520944 2.95442 22.4
      vertex -0.68404 1.87938 22.4
      vertex -0.347296 1.96961 22.4
    endloop
  endfacet
  facet normal -0 0 1
    outer loop
      vertex -1.02606 2.81908 22.4
      vertex -0.68404 1.87938 22.4
      vertex -0.520944 2.95442 22.4
    endloop
  endfacet
  facet normal 0 0 1
    outer loop
      vertex -0.68404 1.87938 22.4
      vertex -1.02606 2.81908 22.4
      vertex -1 1.73205 22.4
    endloop
  endfacet
  facet normal -0 0 1
    outer loop
      vertex -1.5 2.59808 22.4
      vertex -1 1.73205 22.4
      vertex -1.02606 2.81908 22.4
    endloop
  endfacet
  facet normal 0 0 1
    outer loop
      vertex -1 1.73205 22.4
      vertex -1.5 2.59808 22.4
      vertex -1.28557 1.53209 22.4
    endloop
  endfacet
  facet normal -0 0 1
    outer loop
      vertex -1.92836 2.29813 22.4
      vertex -1.28557 1.53209 22.4
      vertex -1.5 2.59808 22.4
    endloop
  endfacet
  facet normal 0 0 1
    outer loop
      vertex -1.28557 1.53209 22.4
      vertex -1.92836 2.29813 22.4
      vertex -1.53209 1.28557 22.4
    endloop
  endfacet
  facet normal -0 0 1
    outer loop
      vertex -2.29813 1.92836 22.4
      vertex -1.53209 1.28557 22.4
      vertex -1.92836 2.29813 22.4
    endloop
  endfacet
  facet normal 0 0 1
    outer loop
      vertex -1.53209 1.28557 22.4
      vertex -2.29813 1.92836 22.4
      vertex -1.73205 1 22.4
    endloop
  endfacet
  facet normal -0 0 1
    outer loop
      vertex -2.59808 1.5 22.4
      vertex -1.73205 1 22.4
      vertex -2.29813 1.92836 22.4
    endloop
  endfacet
  facet normal 0 0 1
    outer loop
      vertex -1.73205 1 22.4
      vertex -2.59808 1.5 22.4
      vertex -1.87938 0.68404 22.4
    endloop
  endfacet
  facet normal -0 0 1
    outer loop
      vertex -2.81908 1.02606 22.4
      vertex -1.87938 0.68404 22.4
      vertex -2.59808 1.5 22.4
    endloop
  endfacet
  facet normal 0 0 1
    outer loop
      vertex 2.81908 -1.02606 22.4
      vertex 1.87938 -0.68404 22.4
      vertex 2.59808 -1.5 22.4
    endloop
  endfacet
  facet normal -0 0 1
    outer loop
      vertex 1.73205 -1 22.4
      vertex 2.59808 -1.5 22.4
      vertex 1.87938 -0.68404 22.4
    endloop
  endfacet
  facet normal 0 0 1
    outer loop
      vertex 2.59808 -1.5 22.4
      vertex 1.73205 -1 22.4
      vertex 2.29813 -1.92836 22.4
    endloop
  endfacet
  facet normal -0 0 1
    outer loop
      vertex 1.53209 -1.28557 22.4
      vertex 2.29813 -1.92836 22.4
      vertex 1.73205 -1 22.4
    endloop
  endfacet
  facet normal 0 0 1
    outer loop
      vertex 2.29813 -1.92836 22.4
      vertex 1.53209 -1.28557 22.4
      vertex 1.92836 -2.29813 22.4
    endloop
  endfacet
  facet normal -0 0 1
    outer loop
      vertex 1.28557 -1.53209 22.4
      vertex 1.92836 -2.29813 22.4
      vertex 1.53209 -1.28557 22.4
    endloop
  endfacet
  facet normal 0 0 1
    outer loop
      vertex 1.92836 -2.29813 22.4
      vertex 1.28557 -1.53209 22.4
      vertex 1.5 -2.59808 22.4
    endloop
  endfacet
  facet normal -0 0 1
    outer loop
      vertex 1 -1.73205 22.4
      vertex 1.5 -2.59808 22.4
      vertex 1.28557 -1.53209 22.4
    endloop
  endfacet
  facet normal 0 0 1
    outer loop
      vertex 1.5 -2.59808 22.4
      vertex 1 -1.73205 22.4
      vertex 1.02606 -2.81908 22.4
    endloop
  endfacet
  facet normal -0 0 1
    outer loop
      vertex 0.68404 -1.87938 22.4
      vertex 1.02606 -2.81908 22.4
      vertex 1 -1.73205 22.4
    endloop
  endfacet
  facet normal 0 0 1
    outer loop
      vertex 0.68404 -1.87938 22.4
      vertex 0.520944 -2.95442 22.4
      vertex 1.02606 -2.81908 22.4
    endloop
  endfacet
  facet normal -0 0 1
    outer loop
      vertex 0.347296 -1.96961 22.4
      vertex 0.520944 -2.95442 22.4
      vertex 0.68404 -1.87938 22.4
    endloop
  endfacet
  facet normal -0 0 1
    outer loop
      vertex 0 -2 22.4
      vertex 0.520944 -2.95442 22.4
      vertex 0.347296 -1.96961 22.4
    endloop
  endfacet
  facet normal 0 0 1
    outer loop
      vertex 0 -2 22.4
      vertex 0 -3 22.4
      vertex 0.520944 -2.95442 22.4
    endloop
  endfacet
  facet normal 0 0 1
    outer loop
      vertex -0.347296 -1.96961 22.4
      vertex 0 -3 22.4
      vertex 0 -2 22.4
    endloop
  endfacet
  facet normal 0 0 1
    outer loop
      vertex -0.347296 -1.96961 22.4
      vertex -0.520944 -2.95442 22.4
      vertex 0 -3 22.4
    endloop
  endfacet
  facet normal 0 0 1
    outer loop
      vertex -0.68404 -1.87938 22.4
      vertex -0.520944 -2.95442 22.4
      vertex -0.347296 -1.96961 22.4
    endloop
  endfacet
  facet normal 0 0 1
    outer loop
      vertex -1.02606 -2.81908 22.4
      vertex -0.68404 -1.87938 22.4
      vertex -1 -1.73205 22.4
    endloop
  endfacet
  facet normal 0 0 1
    outer loop
      vertex -0.68404 -1.87938 22.4
      vertex -1.02606 -2.81908 22.4
      vertex -0.520944 -2.95442 22.4
    endloop
  endfacet
  facet normal 0 0 1
    outer loop
      vertex -1.5 -2.59808 22.4
      vertex -1 -1.73205 22.4
      vertex -1.28557 -1.53209 22.4
    endloop
  endfacet
  facet normal 0 0 1
    outer loop
      vertex -1 -1.73205 22.4
      vertex -1.5 -2.59808 22.4
      vertex -1.02606 -2.81908 22.4
    endloop
  endfacet
  facet normal 0 0 1
    outer loop
      vertex -1.92836 -2.29813 22.4
      vertex -1.28557 -1.53209 22.4
      vertex -1.53209 -1.28557 22.4
    endloop
  endfacet
  facet normal 0 0 1
    outer loop
      vertex -2.29813 -1.92836 22.4
      vertex -1.53209 -1.28557 22.4
      vertex -1.73205 -1 22.4
    endloop
  endfacet
  facet normal 0 0 1
    outer loop
      vertex -2.59808 -1.5 22.4
      vertex -1.73205 -1 22.4
      vertex -1.87938 -0.68404 22.4
    endloop
  endfacet
  facet normal 0 0 1
    outer loop
      vertex -1.28557 -1.53209 22.4
      vertex -1.92836 -2.29813 22.4
      vertex -1.5 -2.59808 22.4
    endloop
  endfacet
  facet normal 0 0 1
    outer loop
      vertex -2.81908 -1.02606 22.4
      vertex -1.87938 -0.68404 22.4
      vertex -1.96961 -0.347296 22.4
    endloop
  endfacet
  facet normal 0 0 1
    outer loop
      vertex -2.95442 -0.520944 22.4
      vertex -1.96961 -0.347296 22.4
      vertex -2 0 22.4
    endloop
  endfacet
  facet normal 0 0 1
    outer loop
      vertex -1.87938 0.68404 22.4
      vertex -2.81908 1.02606 22.4
      vertex -1.96961 0.347296 22.4
    endloop
  endfacet
  facet normal 0 0 1
    outer loop
      vertex -1.53209 -1.28557 22.4
      vertex -2.29813 -1.92836 22.4
      vertex -1.92836 -2.29813 22.4
    endloop
  endfacet
  facet normal -0 0 1
    outer loop
      vertex -2.95442 0.520944 22.4
      vertex -1.96961 0.347296 22.4
      vertex -2.81908 1.02606 22.4
    endloop
  endfacet
  facet normal 0 0 1
    outer loop
      vertex -1.73205 -1 22.4
      vertex -2.59808 -1.5 22.4
      vertex -2.29813 -1.92836 22.4
    endloop
  endfacet
  facet normal 0 0 1
    outer loop
      vertex -1.96961 0.347296 22.4
      vertex -2.95442 0.520944 22.4
      vertex -2 0 22.4
    endloop
  endfacet
  facet normal 0 0 1
    outer loop
      vertex -1.87938 -0.68404 22.4
      vertex -2.81908 -1.02606 22.4
      vertex -2.59808 -1.5 22.4
    endloop
  endfacet
  facet normal 0 0 1
    outer loop
      vertex -3 0 22.4
      vertex -2 0 22.4
      vertex -2.95442 0.520944 22.4
    endloop
  endfacet
  facet normal 0 0 1
    outer loop
      vertex -1.96961 -0.347296 22.4
      vertex -2.95442 -0.520944 22.4
      vertex -2.81908 -1.02606 22.4
    endloop
  endfacet
  facet normal 0 0 1
    outer loop
      vertex -2 0 22.4
      vertex -3 0 22.4
      vertex -2.95442 -0.520944 22.4
    endloop
  endfacet
  facet normal 0.996194 -0.087162 0
    outer loop
      vertex 2.95442 -0.520944 14.0849
      vertex 3 0 22.4
      vertex 2.95442 -0.520944 22.4
    endloop
  endfacet
  facet normal 0.996194 -0.087162 0
    outer loop
      vertex 3 0 22.4
      vertex 2.95442 -0.520944 14.0849
      vertex 3 0 14.057
    endloop
  endfacet
  facet normal 0.087162 -0.996194 0
    outer loop
      vertex 0 -3 14.375
      vertex 0.520944 -2.95442 22.4
      vertex 0 -3 22.4
    endloop
  endfacet
  facet normal 0.087162 -0.996194 0
    outer loop
      vertex 0.520944 -2.95442 22.4
      vertex 0 -3 14.375
      vertex 0.520944 -2.95442 14.375
    endloop
  endfacet
  facet normal 0.422615 -0.906309 0
    outer loop
      vertex 1.02606 -2.81908 14.375
      vertex 1.5 -2.59808 22.4
      vertex 1.02606 -2.81908 22.4
    endloop
  endfacet
  facet normal 0.422615 -0.906309 0
    outer loop
      vertex 1.5 -2.59808 22.4
      vertex 1.02606 -2.81908 14.375
      vertex 1.5 -2.59808 14.375
    endloop
  endfacet
  facet normal 0.707107 -0.707107 0
    outer loop
      vertex 1.92836 -2.29813 22.4
      vertex 2.29813 -1.92836 14.375
      vertex 2.29813 -1.92836 22.4
    endloop
  endfacet
  facet normal 0.707107 -0.707107 0
    outer loop
      vertex 2.29813 -1.92836 14.375
      vertex 1.92836 -2.29813 22.4
      vertex 1.92836 -2.29813 14.375
    endloop
  endfacet
  facet normal 0.906309 -0.422615 0
    outer loop
      vertex 2.59808 -1.5 14.3028
      vertex 2.81908 -1.02606 22.4
      vertex 2.59808 -1.5 22.4
    endloop
  endfacet
  facet normal 0.906309 -0.422615 0
    outer loop
      vertex 2.81908 -1.02606 22.4
      vertex 2.59808 -1.5 14.3028
      vertex 2.81908 -1.02606 14.1676
    endloop
  endfacet
  facet normal -0.258809 -0.965928 0
    outer loop
      vertex -1.02606 -2.81908 14.375
      vertex -0.520944 -2.95442 22.4
      vertex -1.02606 -2.81908 22.4
    endloop
  endfacet
  facet normal -0.258809 -0.965928 -0
    outer loop
      vertex -0.520944 -2.95442 22.4
      vertex -1.02606 -2.81908 14.375
      vertex -0.520944 -2.95442 14.375
    endloop
  endfacet
  facet normal -0.965928 -0.258809 0
    outer loop
      vertex -2.81908 -1.02606 14.375
      vertex -2.95442 -0.520944 22.4
      vertex -2.95442 -0.520944 14.375
    endloop
  endfacet
  facet normal -0.965928 -0.258809 0
    outer loop
      vertex -2.95442 -0.520944 22.4
      vertex -2.81908 -1.02606 14.375
      vertex -2.81908 -1.02606 22.4
    endloop
  endfacet
  facet normal 0.258809 -0.965928 0
    outer loop
      vertex 0.520944 -2.95442 14.375
      vertex 1.02606 -2.81908 22.4
      vertex 0.520944 -2.95442 22.4
    endloop
  endfacet
  facet normal 0.258809 -0.965928 0
    outer loop
      vertex 1.02606 -2.81908 22.4
      vertex 0.520944 -2.95442 14.375
      vertex 1.02606 -2.81908 14.375
    endloop
  endfacet
  facet normal -0.087162 -0.996194 0
    outer loop
      vertex -0.520944 -2.95442 14.375
      vertex 0 -3 22.4
      vertex -0.520944 -2.95442 22.4
    endloop
  endfacet
  facet normal -0.087162 -0.996194 -0
    outer loop
      vertex 0 -3 22.4
      vertex -0.520944 -2.95442 14.375
      vertex 0 -3 14.375
    endloop
  endfacet
  facet normal -0.573579 -0.81915 0
    outer loop
      vertex 2.625 4.54663 0
      vertex 3.37463 4.02173 11.49
      vertex 2.625 4.54663 11.49
    endloop
  endfacet
  facet normal -0.573579 -0.81915 -0
    outer loop
      vertex 3.37463 4.02173 11.49
      vertex 2.625 4.54663 0
      vertex 3.37463 4.02173 0
    endloop
  endfacet
  facet normal 0.906304 -0.422626 0
    outer loop
      vertex -4.93339 1.79561 11.49
      vertex -4.54663 2.625 0
      vertex -4.54663 2.625 11.49
    endloop
  endfacet
  facet normal 0.906304 -0.422626 0
    outer loop
      vertex -4.54663 2.625 0
      vertex -4.93339 1.79561 11.49
      vertex -4.93339 1.79561 0
    endloop
  endfacet
  facet normal 0.422626 0.906304 -0
    outer loop
      vertex -1.79561 -4.93339 0
      vertex -2.625 -4.54663 11.49
      vertex -1.79561 -4.93339 11.49
    endloop
  endfacet
  facet normal 0.422626 0.906304 0
    outer loop
      vertex -2.625 -4.54663 11.49
      vertex -1.79561 -4.93339 0
      vertex -2.625 -4.54663 0
    endloop
  endfacet
  facet normal 0.258813 -0.965927 0
    outer loop
      vertex -1.79561 4.93339 0
      vertex -0.911652 5.17024 11.49
      vertex -1.79561 4.93339 11.49
    endloop
  endfacet
  facet normal 0.258813 -0.965927 0
    outer loop
      vertex -0.911652 5.17024 11.49
      vertex -1.79561 4.93339 0
      vertex -0.911652 5.17024 0
    endloop
  endfacet
  facet normal 0.81915 -0.573579 0
    outer loop
      vertex -4.54663 2.625 11.49
      vertex -4.02173 3.37463 0
      vertex -4.02173 3.37463 11.49
    endloop
  endfacet
  facet normal 0.81915 -0.573579 0
    outer loop
      vertex -4.02173 3.37463 0
      vertex -4.54663 2.625 11.49
      vertex -4.54663 2.625 0
    endloop
  endfacet
  facet normal 0.906304 0.422626 0
    outer loop
      vertex -4.54663 -2.625 11.49
      vertex -4.93339 -1.79561 0
      vertex -4.93339 -1.79561 11.49
    endloop
  endfacet
  facet normal 0.906304 0.422626 0
    outer loop
      vertex -4.93339 -1.79561 0
      vertex -4.54663 -2.625 11.49
      vertex -4.54663 -2.625 0
    endloop
  endfacet
  facet normal -0.819148 -0.573582 0
    outer loop
      vertex 4.34 2.9201 0
      vertex 4.02173 3.37463 11.49
      vertex 4.02173 3.37463 0
    endloop
  endfacet
  facet normal -0.819148 -0.573582 0
    outer loop
      vertex 4.02173 3.37463 11.49
      vertex 4.34 2.9201 0
      vertex 4.34 2.9201 11.49
    endloop
  endfacet
  facet normal -0.707107 -0.707107 0
    outer loop
      vertex 4.02173 3.37463 0
      vertex 3.37463 4.02173 11.49
      vertex 3.37463 4.02173 0
    endloop
  endfacet
  facet normal -0.707107 -0.707107 0
    outer loop
      vertex 3.37463 4.02173 11.49
      vertex 4.02173 3.37463 0
      vertex 4.02173 3.37463 11.49
    endloop
  endfacet
  facet normal -0.422626 -0.906304 0
    outer loop
      vertex 1.79561 4.93339 0
      vertex 2.625 4.54663 11.49
      vertex 1.79561 4.93339 11.49
    endloop
  endfacet
  facet normal -0.422626 -0.906304 -0
    outer loop
      vertex 2.625 4.54663 11.49
      vertex 1.79561 4.93339 0
      vertex 2.625 4.54663 0
    endloop
  endfacet
  facet normal -0.0871566 -0.996195 0
    outer loop
      vertex 0 5.25 0
      vertex 0.911652 5.17024 11.49
      vertex 0 5.25 11.49
    endloop
  endfacet
  facet normal -0.0871566 -0.996195 -0
    outer loop
      vertex 0.911652 5.17024 11.49
      vertex 0 5.25 0
      vertex 0.911652 5.17024 0
    endloop
  endfacet
  facet normal -0.258813 -0.965927 0
    outer loop
      vertex 0.911652 5.17024 0
      vertex 1.79561 4.93339 11.49
      vertex 0.911652 5.17024 11.49
    endloop
  endfacet
  facet normal -0.258813 -0.965927 -0
    outer loop
      vertex 1.79561 4.93339 11.49
      vertex 0.911652 5.17024 0
      vertex 1.79561 4.93339 0
    endloop
  endfacet
  facet normal 0.707107 -0.707107 0
    outer loop
      vertex -4.02173 3.37463 11.49
      vertex -3.37463 4.02173 0
      vertex -3.37463 4.02173 11.49
    endloop
  endfacet
  facet normal 0.707107 -0.707107 0
    outer loop
      vertex -3.37463 4.02173 0
      vertex -4.02173 3.37463 11.49
      vertex -4.02173 3.37463 0
    endloop
  endfacet
  facet normal 0.422626 -0.906304 0
    outer loop
      vertex -2.625 4.54663 0
      vertex -1.79561 4.93339 11.49
      vertex -2.625 4.54663 11.49
    endloop
  endfacet
  facet normal 0.422626 -0.906304 0
    outer loop
      vertex -1.79561 4.93339 11.49
      vertex -2.625 4.54663 0
      vertex -1.79561 4.93339 0
    endloop
  endfacet
  facet normal 0.0871566 -0.996195 0
    outer loop
      vertex -0.911652 5.17024 0
      vertex 0 5.25 11.49
      vertex -0.911652 5.17024 11.49
    endloop
  endfacet
  facet normal 0.0871566 -0.996195 0
    outer loop
      vertex 0 5.25 11.49
      vertex -0.911652 5.17024 0
      vertex 0 5.25 0
    endloop
  endfacet
  facet normal 0.573579 -0.81915 0
    outer loop
      vertex -3.37463 4.02173 0
      vertex -2.625 4.54663 11.49
      vertex -3.37463 4.02173 11.49
    endloop
  endfacet
  facet normal 0.573579 -0.81915 0
    outer loop
      vertex -2.625 4.54663 11.49
      vertex -3.37463 4.02173 0
      vertex -2.625 4.54663 0
    endloop
  endfacet
  facet normal -0.422626 0.906304 0
    outer loop
      vertex 2.625 -4.54663 0
      vertex 1.79561 -4.93339 11.49
      vertex 2.625 -4.54663 11.49
    endloop
  endfacet
  facet normal -0.422626 0.906304 0
    outer loop
      vertex 1.79561 -4.93339 11.49
      vertex 2.625 -4.54663 0
      vertex 1.79561 -4.93339 0
    endloop
  endfacet
  facet normal -0.573579 0.81915 0
    outer loop
      vertex 3.37463 -4.02173 0
      vertex 2.625 -4.54663 11.49
      vertex 3.37463 -4.02173 11.49
    endloop
  endfacet
  facet normal -0.573579 0.81915 0
    outer loop
      vertex 2.625 -4.54663 11.49
      vertex 3.37463 -4.02173 0
      vertex 2.625 -4.54663 0
    endloop
  endfacet
  facet normal 0.0871566 0.996195 -0
    outer loop
      vertex 0 -5.25 0
      vertex -0.911652 -5.17024 11.49
      vertex 0 -5.25 11.49
    endloop
  endfacet
  facet normal 0.0871566 0.996195 0
    outer loop
      vertex -0.911652 -5.17024 11.49
      vertex 0 -5.25 0
      vertex -0.911652 -5.17024 0
    endloop
  endfacet
  facet normal 0.573579 0.81915 -0
    outer loop
      vertex -2.625 -4.54663 0
      vertex -3.37463 -4.02173 11.49
      vertex -2.625 -4.54663 11.49
    endloop
  endfacet
  facet normal 0.573579 0.81915 0
    outer loop
      vertex -3.37463 -4.02173 11.49
      vertex -2.625 -4.54663 0
      vertex -3.37463 -4.02173 0
    endloop
  endfacet
  facet normal 0.707107 0.707107 0
    outer loop
      vertex -3.37463 -4.02173 11.49
      vertex -4.02173 -3.37463 0
      vertex -4.02173 -3.37463 11.49
    endloop
  endfacet
  facet normal 0.707107 0.707107 0
    outer loop
      vertex -4.02173 -3.37463 0
      vertex -3.37463 -4.02173 11.49
      vertex -3.37463 -4.02173 0
    endloop
  endfacet
  facet normal 0.996195 0.0871566 0
    outer loop
      vertex -5.17024 -0.911652 11.49
      vertex -5.25 0 0
      vertex -5.25 0 11.49
    endloop
  endfacet
  facet normal 0.996195 0.0871566 0
    outer loop
      vertex -5.25 0 0
      vertex -5.17024 -0.911652 11.49
      vertex -5.17024 -0.911652 0
    endloop
  endfacet
  facet normal 0.996195 -0.0871566 0
    outer loop
      vertex -5.25 0 11.49
      vertex -5.17024 0.911652 0
      vertex -5.17024 0.911652 11.49
    endloop
  endfacet
  facet normal 0.996195 -0.0871566 0
    outer loop
      vertex -5.17024 0.911652 0
      vertex -5.25 0 11.49
      vertex -5.25 0 0
    endloop
  endfacet
  facet normal -0.0871566 0.996195 0
    outer loop
      vertex 0.911652 -5.17024 0
      vertex 0 -5.25 11.49
      vertex 0.911652 -5.17024 11.49
    endloop
  endfacet
  facet normal -0.0871566 0.996195 0
    outer loop
      vertex 0 -5.25 11.49
      vertex 0.911652 -5.17024 0
      vertex 0 -5.25 0
    endloop
  endfacet
  facet normal -0.819148 0.573582 0
    outer loop
      vertex 4.02173 -3.37463 0
      vertex 4.34 -2.9201 11.49
      vertex 4.34 -2.9201 0
    endloop
  endfacet
  facet normal -0.819148 0.573582 0
    outer loop
      vertex 4.34 -2.9201 11.49
      vertex 4.02173 -3.37463 0
      vertex 4.02173 -3.37463 11.49
    endloop
  endfacet
  facet normal -0.258813 0.965927 0
    outer loop
      vertex 1.79561 -4.93339 0
      vertex 0.911652 -5.17024 11.49
      vertex 1.79561 -4.93339 11.49
    endloop
  endfacet
  facet normal -0.258813 0.965927 0
    outer loop
      vertex 0.911652 -5.17024 11.49
      vertex 1.79561 -4.93339 0
      vertex 0.911652 -5.17024 0
    endloop
  endfacet
  facet normal -0.707107 0.707107 0
    outer loop
      vertex 3.37463 -4.02173 0
      vertex 4.02173 -3.37463 11.49
      vertex 4.02173 -3.37463 0
    endloop
  endfacet
  facet normal -0.707107 0.707107 0
    outer loop
      vertex 4.02173 -3.37463 11.49
      vertex 3.37463 -4.02173 0
      vertex 3.37463 -4.02173 11.49
    endloop
  endfacet
  facet normal 0.258813 0.965927 -0
    outer loop
      vertex -0.911652 -5.17024 0
      vertex -1.79561 -4.93339 11.49
      vertex -0.911652 -5.17024 11.49
    endloop
  endfacet
  facet normal 0.258813 0.965927 0
    outer loop
      vertex -1.79561 -4.93339 11.49
      vertex -0.911652 -5.17024 0
      vertex -1.79561 -4.93339 0
    endloop
  endfacet
  facet normal 0.965927 0.258813 0
    outer loop
      vertex -4.93339 -1.79561 11.49
      vertex -5.17024 -0.911652 0
      vertex -5.17024 -0.911652 11.49
    endloop
  endfacet
  facet normal 0.965927 0.258813 0
    outer loop
      vertex -5.17024 -0.911652 0
      vertex -4.93339 -1.79561 11.49
      vertex -4.93339 -1.79561 0
    endloop
  endfacet
  facet normal 0.81915 0.573579 0
    outer loop
      vertex -4.02173 -3.37463 11.49
      vertex -4.54663 -2.625 0
      vertex -4.54663 -2.625 11.49
    endloop
  endfacet
  facet normal 0.81915 0.573579 0
    outer loop
      vertex -4.54663 -2.625 0
      vertex -4.02173 -3.37463 11.49
      vertex -4.02173 -3.37463 0
    endloop
  endfacet
  facet normal 0 0 -1
    outer loop
      vertex 2.29813 -1.92836 11.49
      vertex 4.34 -2.9201 11.49
      vertex 4.02173 -3.37463 11.49
    endloop
  endfacet
  facet normal 0 0 -1
    outer loop
      vertex 4.34 -2.9201 11.49
      vertex 3 0 11.49
      vertex 4.34 2.9201 11.49
    endloop
  endfacet
  facet normal 0 0 -1
    outer loop
      vertex 2.29813 -1.92836 11.49
      vertex 4.02173 -3.37463 11.49
      vertex 3.37463 -4.02173 11.49
    endloop
  endfacet
  facet normal 0 0 -1
    outer loop
      vertex 2.95442 0.520944 11.49
      vertex 4.34 2.9201 11.49
      vertex 3 0 11.49
    endloop
  endfacet
  facet normal 0 0 -1
    outer loop
      vertex 2.81908 1.02606 11.49
      vertex 4.34 2.9201 11.49
      vertex 2.95442 0.520944 11.49
    endloop
  endfacet
  facet normal 0 0 -1
    outer loop
      vertex 4.34 -2.9201 11.49
      vertex 2.95442 -0.520944 11.49
      vertex 3 0 11.49
    endloop
  endfacet
  facet normal 0 0 -1
    outer loop
      vertex 4.34 -2.9201 11.49
      vertex 2.81908 -1.02606 11.49
      vertex 2.95442 -0.520944 11.49
    endloop
  endfacet
  facet normal 0 0 -1
    outer loop
      vertex 1.92836 -2.29813 11.49
      vertex 3.37463 -4.02173 11.49
      vertex 2.625 -4.54663 11.49
    endloop
  endfacet
  facet normal 0 0 -1
    outer loop
      vertex 4.34 -2.9201 11.49
      vertex 2.59808 -1.5 11.49
      vertex 2.81908 -1.02606 11.49
    endloop
  endfacet
  facet normal 0 0 -1
    outer loop
      vertex 4.34 -2.9201 11.49
      vertex 2.29813 -1.92836 11.49
      vertex 2.59808 -1.5 11.49
    endloop
  endfacet
  facet normal 0 0 -1
    outer loop
      vertex 3.37463 -4.02173 11.49
      vertex 1.92836 -2.29813 11.49
      vertex 2.29813 -1.92836 11.49
    endloop
  endfacet
  facet normal 0 0 -1
    outer loop
      vertex 1.5 -2.59808 11.49
      vertex 2.625 -4.54663 11.49
      vertex 1.79561 -4.93339 11.49
    endloop
  endfacet
  facet normal 0 0 -1
    outer loop
      vertex 2.625 -4.54663 11.49
      vertex 1.5 -2.59808 11.49
      vertex 1.92836 -2.29813 11.49
    endloop
  endfacet
  facet normal 0 0 -1
    outer loop
      vertex 1.79561 -4.93339 11.49
      vertex 1.02606 -2.81908 11.49
      vertex 1.5 -2.59808 11.49
    endloop
  endfacet
  facet normal 0 0 -1
    outer loop
      vertex 0.911652 -5.17024 11.49
      vertex 1.02606 -2.81908 11.49
      vertex 1.79561 -4.93339 11.49
    endloop
  endfacet
  facet normal 0 0 -1
    outer loop
      vertex 0.911652 -5.17024 11.49
      vertex 0.520944 -2.95442 11.49
      vertex 1.02606 -2.81908 11.49
    endloop
  endfacet
  facet normal 0 0 -1
    outer loop
      vertex 0 -5.25 11.49
      vertex 0.520944 -2.95442 11.49
      vertex 0.911652 -5.17024 11.49
    endloop
  endfacet
  facet normal 0 0 -1
    outer loop
      vertex 0 -5.25 11.49
      vertex 0 -3 11.49
      vertex 0.520944 -2.95442 11.49
    endloop
  endfacet
  facet normal 0 0 -1
    outer loop
      vertex 0 -5.25 11.49
      vertex -0.520944 -2.95442 11.49
      vertex 0 -3 11.49
    endloop
  endfacet
  facet normal 0 0 -1
    outer loop
      vertex -0.911652 -5.17024 11.49
      vertex -0.520944 -2.95442 11.49
      vertex 0 -5.25 11.49
    endloop
  endfacet
  facet normal 0 0 -1
    outer loop
      vertex -0.911652 -5.17024 11.49
      vertex -1.02606 -2.81908 11.49
      vertex -0.520944 -2.95442 11.49
    endloop
  endfacet
  facet normal 0 0 -1
    outer loop
      vertex -1.79561 -4.93339 11.49
      vertex -1.02606 -2.81908 11.49
      vertex -0.911652 -5.17024 11.49
    endloop
  endfacet
  facet normal -0 0 -1
    outer loop
      vertex -1.02606 -2.81908 11.49
      vertex -1.79561 -4.93339 11.49
      vertex -1.5 -2.59808 11.49
    endloop
  endfacet
  facet normal 0 0 -1
    outer loop
      vertex -2.625 -4.54663 11.49
      vertex -1.5 -2.59808 11.49
      vertex -1.79561 -4.93339 11.49
    endloop
  endfacet
  facet normal -0 0 -1
    outer loop
      vertex -1.5 -2.59808 11.49
      vertex -2.625 -4.54663 11.49
      vertex -1.92836 -2.29813 11.49
    endloop
  endfacet
  facet normal 0 0 -1
    outer loop
      vertex -3.37463 -4.02173 11.49
      vertex -1.92836 -2.29813 11.49
      vertex -2.625 -4.54663 11.49
    endloop
  endfacet
  facet normal -0 0 -1
    outer loop
      vertex -1.92836 -2.29813 11.49
      vertex -3.37463 -4.02173 11.49
      vertex -2.29813 -1.92836 11.49
    endloop
  endfacet
  facet normal 0 0 -1
    outer loop
      vertex -4.02173 -3.37463 11.49
      vertex -2.29813 -1.92836 11.49
      vertex -3.37463 -4.02173 11.49
    endloop
  endfacet
  facet normal -0 0 -1
    outer loop
      vertex -2.29813 -1.92836 11.49
      vertex -4.02173 -3.37463 11.49
      vertex -2.59808 -1.5 11.49
    endloop
  endfacet
  facet normal 0 0 -1
    outer loop
      vertex -4.54663 -2.625 11.49
      vertex -2.59808 -1.5 11.49
      vertex -4.02173 -3.37463 11.49
    endloop
  endfacet
  facet normal -0 0 -1
    outer loop
      vertex -2.59808 -1.5 11.49
      vertex -4.54663 -2.625 11.49
      vertex -2.81908 -1.02606 11.49
    endloop
  endfacet
  facet normal 0 0 -1
    outer loop
      vertex 2.59808 1.5 11.49
      vertex 4.34 2.9201 11.49
      vertex 2.81908 1.02606 11.49
    endloop
  endfacet
  facet normal 0 0 -1
    outer loop
      vertex 2.29813 1.92836 11.49
      vertex 4.34 2.9201 11.49
      vertex 2.59808 1.5 11.49
    endloop
  endfacet
  facet normal -0 0 -1
    outer loop
      vertex 4.34 2.9201 11.49
      vertex 2.29813 1.92836 11.49
      vertex 4.02173 3.37463 11.49
    endloop
  endfacet
  facet normal -0 0 -1
    outer loop
      vertex 4.02173 3.37463 11.49
      vertex 2.29813 1.92836 11.49
      vertex 3.37463 4.02173 11.49
    endloop
  endfacet
  facet normal 0 0 -1
    outer loop
      vertex 1.92836 2.29813 11.49
      vertex 3.37463 4.02173 11.49
      vertex 2.29813 1.92836 11.49
    endloop
  endfacet
  facet normal -0 0 -1
    outer loop
      vertex 3.37463 4.02173 11.49
      vertex 1.92836 2.29813 11.49
      vertex 2.625 4.54663 11.49
    endloop
  endfacet
  facet normal 0 0 -1
    outer loop
      vertex 1.5 2.59808 11.49
      vertex 2.625 4.54663 11.49
      vertex 1.92836 2.29813 11.49
    endloop
  endfacet
  facet normal -0 0 -1
    outer loop
      vertex 2.625 4.54663 11.49
      vertex 1.5 2.59808 11.49
      vertex 1.79561 4.93339 11.49
    endloop
  endfacet
  facet normal 0 0 -1
    outer loop
      vertex 1.02606 2.81908 11.49
      vertex 1.79561 4.93339 11.49
      vertex 1.5 2.59808 11.49
    endloop
  endfacet
  facet normal 0 0 -1
    outer loop
      vertex 1.02606 2.81908 11.49
      vertex 0.911652 5.17024 11.49
      vertex 1.79561 4.93339 11.49
    endloop
  endfacet
  facet normal 0 0 -1
    outer loop
      vertex 0.520944 2.95442 11.49
      vertex 0.911652 5.17024 11.49
      vertex 1.02606 2.81908 11.49
    endloop
  endfacet
  facet normal 0 0 -1
    outer loop
      vertex 0 3 11.49
      vertex 0.911652 5.17024 11.49
      vertex 0.520944 2.95442 11.49
    endloop
  endfacet
  facet normal 0 0 -1
    outer loop
      vertex 0 3 11.49
      vertex 0 5.25 11.49
      vertex 0.911652 5.17024 11.49
    endloop
  endfacet
  facet normal 0 0 -1
    outer loop
      vertex -0.520944 2.95442 11.49
      vertex 0 5.25 11.49
      vertex 0 3 11.49
    endloop
  endfacet
  facet normal 0 0 -1
    outer loop
      vertex -0.520944 2.95442 11.49
      vertex -0.911652 5.17024 11.49
      vertex 0 5.25 11.49
    endloop
  endfacet
  facet normal 0 0 -1
    outer loop
      vertex -1.02606 2.81908 11.49
      vertex -0.911652 5.17024 11.49
      vertex -0.520944 2.95442 11.49
    endloop
  endfacet
  facet normal 0 0 -1
    outer loop
      vertex -1.79561 4.93339 11.49
      vertex -1.02606 2.81908 11.49
      vertex -1.5 2.59808 11.49
    endloop
  endfacet
  facet normal 0 0 -1
    outer loop
      vertex -1.02606 2.81908 11.49
      vertex -1.79561 4.93339 11.49
      vertex -0.911652 5.17024 11.49
    endloop
  endfacet
  facet normal 0 0 -1
    outer loop
      vertex -2.625 4.54663 11.49
      vertex -1.5 2.59808 11.49
      vertex -1.92836 2.29813 11.49
    endloop
  endfacet
  facet normal 0 0 -1
    outer loop
      vertex -3.37463 4.02173 11.49
      vertex -1.92836 2.29813 11.49
      vertex -2.29813 1.92836 11.49
    endloop
  endfacet
  facet normal 0 0 -1
    outer loop
      vertex -4.02173 3.37463 11.49
      vertex -2.29813 1.92836 11.49
      vertex -2.59808 1.5 11.49
    endloop
  endfacet
  facet normal 0 0 -1
    outer loop
      vertex -1.5 2.59808 11.49
      vertex -2.625 4.54663 11.49
      vertex -1.79561 4.93339 11.49
    endloop
  endfacet
  facet normal 0 0 -1
    outer loop
      vertex -4.54663 2.625 11.49
      vertex -2.59808 1.5 11.49
      vertex -2.81908 1.02606 11.49
    endloop
  endfacet
  facet normal 0 0 -1
    outer loop
      vertex -4.93339 1.79561 11.49
      vertex -2.81908 1.02606 11.49
      vertex -2.95442 0.520944 11.49
    endloop
  endfacet
  facet normal 0 0 -1
    outer loop
      vertex -5.17024 0.911652 11.49
      vertex -2.95442 0.520944 11.49
      vertex -3 0 11.49
    endloop
  endfacet
  facet normal 0 0 -1
    outer loop
      vertex -4.93339 -1.79561 11.49
      vertex -2.81908 -1.02606 11.49
      vertex -4.54663 -2.625 11.49
    endloop
  endfacet
  facet normal 0 0 -1
    outer loop
      vertex -1.92836 2.29813 11.49
      vertex -3.37463 4.02173 11.49
      vertex -2.625 4.54663 11.49
    endloop
  endfacet
  facet normal -0 0 -1
    outer loop
      vertex -2.81908 -1.02606 11.49
      vertex -4.93339 -1.79561 11.49
      vertex -2.95442 -0.520944 11.49
    endloop
  endfacet
  facet normal 0 0 -1
    outer loop
      vertex -2.29813 1.92836 11.49
      vertex -4.02173 3.37463 11.49
      vertex -3.37463 4.02173 11.49
    endloop
  endfacet
  facet normal 0 0 -1
    outer loop
      vertex -5.17024 -0.911652 11.49
      vertex -2.95442 -0.520944 11.49
      vertex -4.93339 -1.79561 11.49
    endloop
  endfacet
  facet normal 0 0 -1
    outer loop
      vertex -2.59808 1.5 11.49
      vertex -4.54663 2.625 11.49
      vertex -4.02173 3.37463 11.49
    endloop
  endfacet
  facet normal -0 0 -1
    outer loop
      vertex -2.95442 -0.520944 11.49
      vertex -5.17024 -0.911652 11.49
      vertex -3 0 11.49
    endloop
  endfacet
  facet normal 0 0 -1
    outer loop
      vertex -2.81908 1.02606 11.49
      vertex -4.93339 1.79561 11.49
      vertex -4.54663 2.625 11.49
    endloop
  endfacet
  facet normal 0 0 -1
    outer loop
      vertex -5.25 0 11.49
      vertex -3 0 11.49
      vertex -5.17024 -0.911652 11.49
    endloop
  endfacet
  facet normal 0 0 -1
    outer loop
      vertex -2.95442 0.520944 11.49
      vertex -5.17024 0.911652 11.49
      vertex -4.93339 1.79561 11.49
    endloop
  endfacet
  facet normal 0 0 -1
    outer loop
      vertex -3 0 11.49
      vertex -5.25 0 11.49
      vertex -5.17024 0.911652 11.49
    endloop
  endfacet
  facet normal 0.965927 -0.258813 0
    outer loop
      vertex -5.17024 0.911652 11.49
      vertex -4.93339 1.79561 0
      vertex -4.93339 1.79561 11.49
    endloop
  endfacet
  facet normal 0.965927 -0.258813 0
    outer loop
      vertex -4.93339 1.79561 0
      vertex -5.17024 0.911652 11.49
      vertex -5.17024 0.911652 0
    endloop
  endfacet
  facet normal -1 0 0
    outer loop
      vertex 4.34 -2.9201 0
      vertex 4.34 2.9201 11.49
      vertex 4.34 2.9201 0
    endloop
  endfacet
  facet normal -1 -0 0
    outer loop
      vertex 4.34 2.9201 11.49
      vertex 4.34 -2.9201 0
      vertex 4.34 -2.9201 11.49
    endloop
  endfacet
  facet normal 0.996194 0.087162 0
    outer loop
      vertex 3 0 11.49
      vertex 2.95442 0.520944 0
      vertex 2.95442 0.520944 11.49
    endloop
  endfacet
  facet normal 0.996194 0.087162 0
    outer loop
      vertex 2.95442 0.520944 0
      vertex 3 0 11.49
      vertex 3 0 0
    endloop
  endfacet
  facet normal -0.996194 0.087162 0
    outer loop
      vertex -3 0 0
      vertex -2.95442 0.520944 11.49
      vertex -2.95442 0.520944 0
    endloop
  endfacet
  facet normal -0.996194 0.087162 0
    outer loop
      vertex -2.95442 0.520944 11.49
      vertex -3 0 0
      vertex -3 0 11.49
    endloop
  endfacet
  facet normal 0.087162 0.996194 -0
    outer loop
      vertex 0.520944 2.95442 0
      vertex 0 3 11.49
      vertex 0.520944 2.95442 11.49
    endloop
  endfacet
  facet normal 0.087162 0.996194 0
    outer loop
      vertex 0 3 11.49
      vertex 0.520944 2.95442 0
      vertex 0 3 0
    endloop
  endfacet
  facet normal 0.707107 0.707107 0
    outer loop
      vertex 2.29813 1.92836 11.49
      vertex 1.92836 2.29813 0
      vertex 1.92836 2.29813 11.49
    endloop
  endfacet
  facet normal 0.707107 0.707107 0
    outer loop
      vertex 1.92836 2.29813 0
      vertex 2.29813 1.92836 11.49
      vertex 2.29813 1.92836 0
    endloop
  endfacet
  facet normal -0.573588 0.819144 0
    outer loop
      vertex -1.5 2.59808 0
      vertex -1.92836 2.29813 11.49
      vertex -1.5 2.59808 11.49
    endloop
  endfacet
  facet normal -0.573588 0.819144 0
    outer loop
      vertex -1.92836 2.29813 11.49
      vertex -1.5 2.59808 0
      vertex -1.92836 2.29813 0
    endloop
  endfacet
  facet normal -0.258809 0.965928 0
    outer loop
      vertex -0.520944 2.95442 0
      vertex -1.02606 2.81908 11.49
      vertex -0.520944 2.95442 11.49
    endloop
  endfacet
  facet normal -0.258809 0.965928 0
    outer loop
      vertex -1.02606 2.81908 11.49
      vertex -0.520944 2.95442 0
      vertex -1.02606 2.81908 0
    endloop
  endfacet
  facet normal 0.906309 0.422615 0
    outer loop
      vertex 2.81908 1.02606 11.49
      vertex 2.59808 1.5 0
      vertex 2.59808 1.5 11.49
    endloop
  endfacet
  facet normal 0.906309 0.422615 0
    outer loop
      vertex 2.59808 1.5 0
      vertex 2.81908 1.02606 11.49
      vertex 2.81908 1.02606 0
    endloop
  endfacet
  facet normal 0.965928 0.258809 0
    outer loop
      vertex 2.95442 0.520944 11.49
      vertex 2.81908 1.02606 0
      vertex 2.81908 1.02606 11.49
    endloop
  endfacet
  facet normal 0.965928 0.258809 0
    outer loop
      vertex 2.81908 1.02606 0
      vertex 2.95442 0.520944 11.49
      vertex 2.95442 0.520944 0
    endloop
  endfacet
  facet normal 0.819144 0.573588 0
    outer loop
      vertex 2.59808 1.5 11.49
      vertex 2.29813 1.92836 0
      vertex 2.29813 1.92836 11.49
    endloop
  endfacet
  facet normal 0.819144 0.573588 0
    outer loop
      vertex 2.29813 1.92836 0
      vertex 2.59808 1.5 11.49
      vertex 2.59808 1.5 0
    endloop
  endfacet
  facet normal 0.422615 0.906309 -0
    outer loop
      vertex 1.5 2.59808 0
      vertex 1.02606 2.81908 11.49
      vertex 1.5 2.59808 11.49
    endloop
  endfacet
  facet normal 0.422615 0.906309 0
    outer loop
      vertex 1.02606 2.81908 11.49
      vertex 1.5 2.59808 0
      vertex 1.02606 2.81908 0
    endloop
  endfacet
  facet normal 0.258809 0.965928 -0
    outer loop
      vertex 1.02606 2.81908 0
      vertex 0.520944 2.95442 11.49
      vertex 1.02606 2.81908 11.49
    endloop
  endfacet
  facet normal 0.258809 0.965928 0
    outer loop
      vertex 0.520944 2.95442 11.49
      vertex 1.02606 2.81908 0
      vertex 0.520944 2.95442 0
    endloop
  endfacet
  facet normal 0.573588 0.819144 -0
    outer loop
      vertex 1.92836 2.29813 0
      vertex 1.5 2.59808 11.49
      vertex 1.92836 2.29813 11.49
    endloop
  endfacet
  facet normal 0.573588 0.819144 0
    outer loop
      vertex 1.5 2.59808 11.49
      vertex 1.92836 2.29813 0
      vertex 1.5 2.59808 0
    endloop
  endfacet
  facet normal -0.819144 0.573588 0
    outer loop
      vertex -2.59808 1.5 0
      vertex -2.29813 1.92836 11.49
      vertex -2.29813 1.92836 0
    endloop
  endfacet
  facet normal -0.819144 0.573588 0
    outer loop
      vertex -2.29813 1.92836 11.49
      vertex -2.59808 1.5 0
      vertex -2.59808 1.5 11.49
    endloop
  endfacet
  facet normal -0.707107 0.707107 0
    outer loop
      vertex -2.29813 1.92836 0
      vertex -1.92836 2.29813 11.49
      vertex -1.92836 2.29813 0
    endloop
  endfacet
  facet normal -0.707107 0.707107 0
    outer loop
      vertex -1.92836 2.29813 11.49
      vertex -2.29813 1.92836 0
      vertex -2.29813 1.92836 11.49
    endloop
  endfacet
  facet normal -0.906309 0.422615 0
    outer loop
      vertex -2.81908 1.02606 0
      vertex -2.59808 1.5 11.49
      vertex -2.59808 1.5 0
    endloop
  endfacet
  facet normal -0.906309 0.422615 0
    outer loop
      vertex -2.59808 1.5 11.49
      vertex -2.81908 1.02606 0
      vertex -2.81908 1.02606 11.49
    endloop
  endfacet
  facet normal -0.422615 0.906309 0
    outer loop
      vertex -1.02606 2.81908 0
      vertex -1.5 2.59808 11.49
      vertex -1.02606 2.81908 11.49
    endloop
  endfacet
  facet normal -0.422615 0.906309 0
    outer loop
      vertex -1.5 2.59808 11.49
      vertex -1.02606 2.81908 0
      vertex -1.5 2.59808 0
    endloop
  endfacet
  facet normal -0.087162 0.996194 0
    outer loop
      vertex 0 3 0
      vertex -0.520944 2.95442 11.49
      vertex 0 3 11.49
    endloop
  endfacet
  facet normal -0.087162 0.996194 0
    outer loop
      vertex -0.520944 2.95442 11.49
      vertex 0 3 0
      vertex -0.520944 2.95442 0
    endloop
  endfacet
  facet normal 0.573588 -0.819144 0
    outer loop
      vertex 1.5 -2.59808 0
      vertex 1.92836 -2.29813 11.49
      vertex 1.5 -2.59808 11.49
    endloop
  endfacet
  facet normal 0.573588 -0.819144 0
    outer loop
      vertex 1.92836 -2.29813 11.49
      vertex 1.5 -2.59808 0
      vertex 1.92836 -2.29813 0
    endloop
  endfacet
  facet normal 0.819144 -0.573588 0
    outer loop
      vertex 2.29813 -1.92836 11.49
      vertex 2.59808 -1.5 0
      vertex 2.59808 -1.5 11.49
    endloop
  endfacet
  facet normal 0.819144 -0.573588 0
    outer loop
      vertex 2.59808 -1.5 0
      vertex 2.29813 -1.92836 11.49
      vertex 2.29813 -1.92836 0
    endloop
  endfacet
  facet normal 0.965928 -0.258809 0
    outer loop
      vertex 2.81908 -1.02606 11.49
      vertex 2.95442 -0.520944 0
      vertex 2.95442 -0.520944 11.49
    endloop
  endfacet
  facet normal 0.965928 -0.258809 0
    outer loop
      vertex 2.95442 -0.520944 0
      vertex 2.81908 -1.02606 11.49
      vertex 2.81908 -1.02606 0
    endloop
  endfacet
  facet normal -0.573588 -0.819144 0
    outer loop
      vertex -1.92836 -2.29813 0
      vertex -1.5 -2.59808 11.49
      vertex -1.92836 -2.29813 11.49
    endloop
  endfacet
  facet normal -0.573588 -0.819144 -0
    outer loop
      vertex -1.5 -2.59808 11.49
      vertex -1.92836 -2.29813 0
      vertex -1.5 -2.59808 0
    endloop
  endfacet
  facet normal -0.707107 -0.707107 0
    outer loop
      vertex -1.92836 -2.29813 0
      vertex -2.29813 -1.92836 11.49
      vertex -2.29813 -1.92836 0
    endloop
  endfacet
  facet normal -0.707107 -0.707107 0
    outer loop
      vertex -2.29813 -1.92836 11.49
      vertex -1.92836 -2.29813 0
      vertex -1.92836 -2.29813 11.49
    endloop
  endfacet
  facet normal -0.422615 -0.906309 0
    outer loop
      vertex -1.5 -2.59808 0
      vertex -1.02606 -2.81908 11.49
      vertex -1.5 -2.59808 11.49
    endloop
  endfacet
  facet normal -0.422615 -0.906309 -0
    outer loop
      vertex -1.02606 -2.81908 11.49
      vertex -1.5 -2.59808 0
      vertex -1.02606 -2.81908 0
    endloop
  endfacet
  facet normal -0.906309 -0.422615 0
    outer loop
      vertex -2.59808 -1.5 0
      vertex -2.81908 -1.02606 11.49
      vertex -2.81908 -1.02606 0
    endloop
  endfacet
  facet normal -0.906309 -0.422615 0
    outer loop
      vertex -2.81908 -1.02606 11.49
      vertex -2.59808 -1.5 0
      vertex -2.59808 -1.5 11.49
    endloop
  endfacet
  facet normal -0.819144 -0.573588 0
    outer loop
      vertex -2.29813 -1.92836 0
      vertex -2.59808 -1.5 11.49
      vertex -2.59808 -1.5 0
    endloop
  endfacet
  facet normal -0.819144 -0.573588 0
    outer loop
      vertex -2.59808 -1.5 11.49
      vertex -2.29813 -1.92836 0
      vertex -2.29813 -1.92836 11.49
    endloop
  endfacet
  facet normal -0.996194 -0.087162 0
    outer loop
      vertex -2.95442 -0.520944 0
      vertex -3 0 11.49
      vertex -3 0 0
    endloop
  endfacet
  facet normal -0.996194 -0.087162 0
    outer loop
      vertex -3 0 11.49
      vertex -2.95442 -0.520944 0
      vertex -2.95442 -0.520944 11.49
    endloop
  endfacet
  facet normal -0.965928 0.258809 0
    outer loop
      vertex -2.95442 0.520944 0
      vertex -2.81908 1.02606 11.49
      vertex -2.81908 1.02606 0
    endloop
  endfacet
  facet normal -0.965928 0.258809 0
    outer loop
      vertex -2.81908 1.02606 11.49
      vertex -2.95442 0.520944 0
      vertex -2.95442 0.520944 11.49
    endloop
  endfacet
  facet normal 0.996194 -0.087162 0
    outer loop
      vertex 2.95442 -0.520944 11.49
      vertex 3 0 0
      vertex 3 0 11.49
    endloop
  endfacet
  facet normal 0.996194 -0.087162 0
    outer loop
      vertex 3 0 0
      vertex 2.95442 -0.520944 11.49
      vertex 2.95442 -0.520944 0
    endloop
  endfacet
  facet normal 0.087162 -0.996194 0
    outer loop
      vertex 0 -3 0
      vertex 0.520944 -2.95442 11.49
      vertex 0 -3 11.49
    endloop
  endfacet
  facet normal 0.087162 -0.996194 0
    outer loop
      vertex 0.520944 -2.95442 11.49
      vertex 0 -3 0
      vertex 0.520944 -2.95442 0
    endloop
  endfacet
  facet normal 0.422615 -0.906309 0
    outer loop
      vertex 1.02606 -2.81908 0
      vertex 1.5 -2.59808 11.49
      vertex 1.02606 -2.81908 11.49
    endloop
  endfacet
  facet normal 0.422615 -0.906309 0
    outer loop
      vertex 1.5 -2.59808 11.49
      vertex 1.02606 -2.81908 0
      vertex 1.5 -2.59808 0
    endloop
  endfacet
  facet normal 0.707107 -0.707107 0
    outer loop
      vertex 1.92836 -2.29813 11.49
      vertex 2.29813 -1.92836 0
      vertex 2.29813 -1.92836 11.49
    endloop
  endfacet
  facet normal 0.707107 -0.707107 0
    outer loop
      vertex 2.29813 -1.92836 0
      vertex 1.92836 -2.29813 11.49
      vertex 1.92836 -2.29813 0
    endloop
  endfacet
  facet normal 0.906309 -0.422615 0
    outer loop
      vertex 2.59808 -1.5 11.49
      vertex 2.81908 -1.02606 0
      vertex 2.81908 -1.02606 11.49
    endloop
  endfacet
  facet normal 0.906309 -0.422615 0
    outer loop
      vertex 2.81908 -1.02606 0
      vertex 2.59808 -1.5 11.49
      vertex 2.59808 -1.5 0
    endloop
  endfacet
  facet normal -0.258809 -0.965928 0
    outer loop
      vertex -1.02606 -2.81908 0
      vertex -0.520944 -2.95442 11.49
      vertex -1.02606 -2.81908 11.49
    endloop
  endfacet
  facet normal -0.258809 -0.965928 -0
    outer loop
      vertex -0.520944 -2.95442 11.49
      vertex -1.02606 -2.81908 0
      vertex -0.520944 -2.95442 0
    endloop
  endfacet
  facet normal -0.965928 -0.258809 0
    outer loop
      vertex -2.81908 -1.02606 0
      vertex -2.95442 -0.520944 11.49
      vertex -2.95442 -0.520944 0
    endloop
  endfacet
  facet normal -0.965928 -0.258809 0
    outer loop
      vertex -2.95442 -0.520944 11.49
      vertex -2.81908 -1.02606 0
      vertex -2.81908 -1.02606 11.49
    endloop
  endfacet
  facet normal 0.258809 -0.965928 0
    outer loop
      vertex 0.520944 -2.95442 0
      vertex 1.02606 -2.81908 11.49
      vertex 0.520944 -2.95442 11.49
    endloop
  endfacet
  facet normal 0.258809 -0.965928 0
    outer loop
      vertex 1.02606 -2.81908 11.49
      vertex 0.520944 -2.95442 0
      vertex 1.02606 -2.81908 0
    endloop
  endfacet
  facet normal -0.087162 -0.996194 0
    outer loop
      vertex -0.520944 -2.95442 0
      vertex 0 -3 11.49
      vertex -0.520944 -2.95442 11.49
    endloop
  endfacet
  facet normal -0.087162 -0.996194 -0
    outer loop
      vertex 0 -3 11.49
      vertex -0.520944 -2.95442 0
      vertex 0 -3 0
    endloop
  endfacet
  facet normal -0.996193 -0.0871715 0
    outer loop
      vertex 2 0 0
      vertex 1.96961 0.347296 22.4
      vertex 1.96961 0.347296 0
    endloop
  endfacet
  facet normal -0.996193 -0.0871715 0
    outer loop
      vertex 1.96961 0.347296 22.4
      vertex 2 0 0
      vertex 2 0 22.4
    endloop
  endfacet
  facet normal 0.996193 -0.0871715 0
    outer loop
      vertex -2 0 22.4
      vertex -1.96961 0.347296 0
      vertex -1.96961 0.347296 22.4
    endloop
  endfacet
  facet normal 0.996193 -0.0871715 0
    outer loop
      vertex -1.96961 0.347296 0
      vertex -2 0 22.4
      vertex -2 0 0
    endloop
  endfacet
  facet normal -0.0871715 -0.996193 0
    outer loop
      vertex 0 2 0
      vertex 0.347296 1.96961 22.4
      vertex 0 2 22.4
    endloop
  endfacet
  facet normal -0.0871715 -0.996193 -0
    outer loop
      vertex 0.347296 1.96961 22.4
      vertex 0 2 0
      vertex 0.347296 1.96961 0
    endloop
  endfacet
  facet normal -0.707107 -0.707107 0
    outer loop
      vertex 1.53209 1.28557 0
      vertex 1.28557 1.53209 22.4
      vertex 1.28557 1.53209 0
    endloop
  endfacet
  facet normal -0.707107 -0.707107 0
    outer loop
      vertex 1.28557 1.53209 22.4
      vertex 1.53209 1.28557 0
      vertex 1.53209 1.28557 22.4
    endloop
  endfacet
  facet normal 0.57358 -0.81915 0
    outer loop
      vertex -1.28557 1.53209 0
      vertex -1 1.73205 22.4
      vertex -1.28557 1.53209 22.4
    endloop
  endfacet
  facet normal 0.57358 -0.81915 0
    outer loop
      vertex -1 1.73205 22.4
      vertex -1.28557 1.53209 0
      vertex -1 1.73205 0
    endloop
  endfacet
  facet normal 0.258818 -0.965926 0
    outer loop
      vertex -0.68404 1.87938 0
      vertex -0.347296 1.96961 22.4
      vertex -0.68404 1.87938 22.4
    endloop
  endfacet
  facet normal 0.258818 -0.965926 0
    outer loop
      vertex -0.347296 1.96961 22.4
      vertex -0.68404 1.87938 0
      vertex -0.347296 1.96961 0
    endloop
  endfacet
  facet normal -0.707107 0.707107 0
    outer loop
      vertex 1.28557 -1.53209 0
      vertex 1.53209 -1.28557 22.4
      vertex 1.53209 -1.28557 0
    endloop
  endfacet
  facet normal -0.707107 0.707107 0
    outer loop
      vertex 1.53209 -1.28557 22.4
      vertex 1.28557 -1.53209 0
      vertex 1.28557 -1.53209 22.4
    endloop
  endfacet
  facet normal 0.81915 0.57358 0
    outer loop
      vertex -1.53209 -1.28557 22.4
      vertex -1.73205 -1 0
      vertex -1.73205 -1 22.4
    endloop
  endfacet
  facet normal 0.81915 0.57358 0
    outer loop
      vertex -1.73205 -1 0
      vertex -1.53209 -1.28557 22.4
      vertex -1.53209 -1.28557 0
    endloop
  endfacet
  facet normal -0.906313 -0.422607 0
    outer loop
      vertex 1.87938 0.68404 0
      vertex 1.73205 1 22.4
      vertex 1.73205 1 0
    endloop
  endfacet
  facet normal -0.906313 -0.422607 0
    outer loop
      vertex 1.73205 1 22.4
      vertex 1.87938 0.68404 0
      vertex 1.87938 0.68404 22.4
    endloop
  endfacet
  facet normal -0.965926 -0.258818 0
    outer loop
      vertex 1.96961 0.347296 0
      vertex 1.87938 0.68404 22.4
      vertex 1.87938 0.68404 0
    endloop
  endfacet
  facet normal -0.965926 -0.258818 0
    outer loop
      vertex 1.87938 0.68404 22.4
      vertex 1.96961 0.347296 0
      vertex 1.96961 0.347296 22.4
    endloop
  endfacet
  facet normal -0.81915 -0.57358 0
    outer loop
      vertex 1.73205 1 0
      vertex 1.53209 1.28557 22.4
      vertex 1.53209 1.28557 0
    endloop
  endfacet
  facet normal -0.81915 -0.57358 0
    outer loop
      vertex 1.53209 1.28557 22.4
      vertex 1.73205 1 0
      vertex 1.73205 1 22.4
    endloop
  endfacet
  facet normal -0.422607 -0.906313 0
    outer loop
      vertex 0.68404 1.87938 0
      vertex 1 1.73205 22.4
      vertex 0.68404 1.87938 22.4
    endloop
  endfacet
  facet normal -0.422607 -0.906313 -0
    outer loop
      vertex 1 1.73205 22.4
      vertex 0.68404 1.87938 0
      vertex 1 1.73205 0
    endloop
  endfacet
  facet normal -0.258818 -0.965926 0
    outer loop
      vertex 0.347296 1.96961 0
      vertex 0.68404 1.87938 22.4
      vertex 0.347296 1.96961 22.4
    endloop
  endfacet
  facet normal -0.258818 -0.965926 -0
    outer loop
      vertex 0.68404 1.87938 22.4
      vertex 0.347296 1.96961 0
      vertex 0.68404 1.87938 0
    endloop
  endfacet
  facet normal -0.57358 -0.81915 0
    outer loop
      vertex 1 1.73205 0
      vertex 1.28557 1.53209 22.4
      vertex 1 1.73205 22.4
    endloop
  endfacet
  facet normal -0.57358 -0.81915 -0
    outer loop
      vertex 1.28557 1.53209 22.4
      vertex 1 1.73205 0
      vertex 1.28557 1.53209 0
    endloop
  endfacet
  facet normal 0.81915 -0.57358 0
    outer loop
      vertex -1.73205 1 22.4
      vertex -1.53209 1.28557 0
      vertex -1.53209 1.28557 22.4
    endloop
  endfacet
  facet normal 0.81915 -0.57358 0
    outer loop
      vertex -1.53209 1.28557 0
      vertex -1.73205 1 22.4
      vertex -1.73205 1 0
    endloop
  endfacet
  facet normal 0.707107 -0.707107 0
    outer loop
      vertex -1.53209 1.28557 22.4
      vertex -1.28557 1.53209 0
      vertex -1.28557 1.53209 22.4
    endloop
  endfacet
  facet normal 0.707107 -0.707107 0
    outer loop
      vertex -1.28557 1.53209 0
      vertex -1.53209 1.28557 22.4
      vertex -1.53209 1.28557 0
    endloop
  endfacet
  facet normal 0.965926 -0.258818 0
    outer loop
      vertex -1.96961 0.347296 22.4
      vertex -1.87938 0.68404 0
      vertex -1.87938 0.68404 22.4
    endloop
  endfacet
  facet normal 0.965926 -0.258818 0
    outer loop
      vertex -1.87938 0.68404 0
      vertex -1.96961 0.347296 22.4
      vertex -1.96961 0.347296 0
    endloop
  endfacet
  facet normal 0.422607 -0.906313 0
    outer loop
      vertex -1 1.73205 0
      vertex -0.68404 1.87938 22.4
      vertex -1 1.73205 22.4
    endloop
  endfacet
  facet normal 0.422607 -0.906313 0
    outer loop
      vertex -0.68404 1.87938 22.4
      vertex -1 1.73205 0
      vertex -0.68404 1.87938 0
    endloop
  endfacet
  facet normal 0.0871715 -0.996193 0
    outer loop
      vertex -0.347296 1.96961 0
      vertex 0 2 22.4
      vertex -0.347296 1.96961 22.4
    endloop
  endfacet
  facet normal 0.0871715 -0.996193 0
    outer loop
      vertex 0 2 22.4
      vertex -0.347296 1.96961 0
      vertex 0 2 0
    endloop
  endfacet
  facet normal -0.0871715 0.996193 0
    outer loop
      vertex 0.347296 -1.96961 0
      vertex 0 -2 22.4
      vertex 0.347296 -1.96961 22.4
    endloop
  endfacet
  facet normal -0.0871715 0.996193 0
    outer loop
      vertex 0 -2 22.4
      vertex 0.347296 -1.96961 0
      vertex 0 -2 0
    endloop
  endfacet
  facet normal -0.996193 0.0871715 0
    outer loop
      vertex 1.96961 -0.347296 0
      vertex 2 0 22.4
      vertex 2 0 0
    endloop
  endfacet
  facet normal -0.996193 0.0871715 0
    outer loop
      vertex 2 0 22.4
      vertex 1.96961 -0.347296 0
      vertex 1.96961 -0.347296 22.4
    endloop
  endfacet
  facet normal 0.707107 0.707107 0
    outer loop
      vertex -1.28557 -1.53209 22.4
      vertex -1.53209 -1.28557 0
      vertex -1.53209 -1.28557 22.4
    endloop
  endfacet
  facet normal 0.707107 0.707107 0
    outer loop
      vertex -1.53209 -1.28557 0
      vertex -1.28557 -1.53209 22.4
      vertex -1.28557 -1.53209 0
    endloop
  endfacet
  facet normal 0.258818 0.965926 -0
    outer loop
      vertex -0.347296 -1.96961 0
      vertex -0.68404 -1.87938 22.4
      vertex -0.347296 -1.96961 22.4
    endloop
  endfacet
  facet normal 0.258818 0.965926 0
    outer loop
      vertex -0.68404 -1.87938 22.4
      vertex -0.347296 -1.96961 0
      vertex -0.68404 -1.87938 0
    endloop
  endfacet
  facet normal 0.996193 0.0871715 0
    outer loop
      vertex -1.96961 -0.347296 22.4
      vertex -2 0 0
      vertex -2 0 22.4
    endloop
  endfacet
  facet normal 0.996193 0.0871715 0
    outer loop
      vertex -2 0 0
      vertex -1.96961 -0.347296 22.4
      vertex -1.96961 -0.347296 0
    endloop
  endfacet
  facet normal 0.906313 0.422607 0
    outer loop
      vertex -1.73205 -1 22.4
      vertex -1.87938 -0.68404 0
      vertex -1.87938 -0.68404 22.4
    endloop
  endfacet
  facet normal 0.906313 0.422607 0
    outer loop
      vertex -1.87938 -0.68404 0
      vertex -1.73205 -1 22.4
      vertex -1.73205 -1 0
    endloop
  endfacet
  facet normal 0.965926 0.258818 0
    outer loop
      vertex -1.87938 -0.68404 22.4
      vertex -1.96961 -0.347296 0
      vertex -1.96961 -0.347296 22.4
    endloop
  endfacet
  facet normal 0.965926 0.258818 0
    outer loop
      vertex -1.96961 -0.347296 0
      vertex -1.87938 -0.68404 22.4
      vertex -1.87938 -0.68404 0
    endloop
  endfacet
  facet normal 0.906313 -0.422607 0
    outer loop
      vertex -1.87938 0.68404 22.4
      vertex -1.73205 1 0
      vertex -1.73205 1 22.4
    endloop
  endfacet
  facet normal 0.906313 -0.422607 0
    outer loop
      vertex -1.73205 1 0
      vertex -1.87938 0.68404 22.4
      vertex -1.87938 0.68404 0
    endloop
  endfacet
  facet normal -0.258818 0.965926 0
    outer loop
      vertex 0.68404 -1.87938 0
      vertex 0.347296 -1.96961 22.4
      vertex 0.68404 -1.87938 22.4
    endloop
  endfacet
  facet normal -0.258818 0.965926 0
    outer loop
      vertex 0.347296 -1.96961 22.4
      vertex 0.68404 -1.87938 0
      vertex 0.347296 -1.96961 0
    endloop
  endfacet
  facet normal -0.422607 0.906313 0
    outer loop
      vertex 1 -1.73205 0
      vertex 0.68404 -1.87938 22.4
      vertex 1 -1.73205 22.4
    endloop
  endfacet
  facet normal -0.422607 0.906313 0
    outer loop
      vertex 0.68404 -1.87938 22.4
      vertex 1 -1.73205 0
      vertex 0.68404 -1.87938 0
    endloop
  endfacet
  facet normal -0.57358 0.81915 0
    outer loop
      vertex 1.28557 -1.53209 0
      vertex 1 -1.73205 22.4
      vertex 1.28557 -1.53209 22.4
    endloop
  endfacet
  facet normal -0.57358 0.81915 0
    outer loop
      vertex 1 -1.73205 22.4
      vertex 1.28557 -1.53209 0
      vertex 1 -1.73205 0
    endloop
  endfacet
  facet normal -0.906313 0.422607 0
    outer loop
      vertex 1.73205 -1 0
      vertex 1.87938 -0.68404 22.4
      vertex 1.87938 -0.68404 0
    endloop
  endfacet
  facet normal -0.906313 0.422607 0
    outer loop
      vertex 1.87938 -0.68404 22.4
      vertex 1.73205 -1 0
      vertex 1.73205 -1 22.4
    endloop
  endfacet
  facet normal -0.81915 0.57358 0
    outer loop
      vertex 1.53209 -1.28557 0
      vertex 1.73205 -1 22.4
      vertex 1.73205 -1 0
    endloop
  endfacet
  facet normal -0.81915 0.57358 0
    outer loop
      vertex 1.73205 -1 22.4
      vertex 1.53209 -1.28557 0
      vertex 1.53209 -1.28557 22.4
    endloop
  endfacet
  facet normal -0.965926 0.258818 0
    outer loop
      vertex 1.87938 -0.68404 0
      vertex 1.96961 -0.347296 22.4
      vertex 1.96961 -0.347296 0
    endloop
  endfacet
  facet normal -0.965926 0.258818 0
    outer loop
      vertex 1.96961 -0.347296 22.4
      vertex 1.87938 -0.68404 0
      vertex 1.87938 -0.68404 22.4
    endloop
  endfacet
  facet normal 0.57358 0.81915 -0
    outer loop
      vertex -1 -1.73205 0
      vertex -1.28557 -1.53209 22.4
      vertex -1 -1.73205 22.4
    endloop
  endfacet
  facet normal 0.57358 0.81915 0
    outer loop
      vertex -1.28557 -1.53209 22.4
      vertex -1 -1.73205 0
      vertex -1.28557 -1.53209 0
    endloop
  endfacet
  facet normal 0.422607 0.906313 -0
    outer loop
      vertex -0.68404 -1.87938 0
      vertex -1 -1.73205 22.4
      vertex -0.68404 -1.87938 22.4
    endloop
  endfacet
  facet normal 0.422607 0.906313 0
    outer loop
      vertex -1 -1.73205 22.4
      vertex -0.68404 -1.87938 0
      vertex -1 -1.73205 0
    endloop
  endfacet
  facet normal 0.0871715 0.996193 -0
    outer loop
      vertex 0 -2 0
      vertex -0.347296 -1.96961 22.4
      vertex 0 -2 22.4
    endloop
  endfacet
  facet normal 0.0871715 0.996193 0
    outer loop
      vertex -0.347296 -1.96961 22.4
      vertex 0 -2 0
      vertex -0.347296 -1.96961 0
    endloop
  endfacet
  facet normal -0 0 1
    outer loop
      vertex 5.81 2 1.3
      vertex 6.2 -2 1.3
      vertex 6.2 2 1.3
    endloop
  endfacet
  facet normal 0 0 1
    outer loop
      vertex 6.2 -2 1.3
      vertex 5.81 2 1.3
      vertex 5.81 -2 1.3
    endloop
  endfacet
  facet normal 1 -0 0
    outer loop
      vertex 5.81 -2 6.8
      vertex 5.81 2 1.3
      vertex 5.81 2 6.8
    endloop
  endfacet
  facet normal 1 0 0
    outer loop
      vertex 5.81 2 1.3
      vertex 5.81 -2 6.8
      vertex 5.81 -2 1.3
    endloop
  endfacet
  facet normal 0 0 -1
    outer loop
      vertex 5.81 -2 6.8
      vertex 6.2 2 6.8
      vertex 6.2 -2 6.8
    endloop
  endfacet
  facet normal -0 0 -1
    outer loop
      vertex 6.2 2 6.8
      vertex 5.81 -2 6.8
      vertex 5.81 2 6.8
    endloop
  endfacet
  facet normal 0 -1 0
    outer loop
      vertex 5.81 2 1.3
      vertex 6.2 2 6.8
      vertex 5.81 2 6.8
    endloop
  endfacet
  facet normal 0 -1 -0
    outer loop
      vertex 6.2 2 6.8
      vertex 5.81 2 1.3
      vertex 6.2 2 1.3
    endloop
  endfacet
  facet normal 0 1 -0
    outer loop
      vertex 6.2 -2 1.3
      vertex 5.81 -2 6.8
      vertex 6.2 -2 6.8
    endloop
  endfacet
  facet normal 0 1 0
    outer loop
      vertex 5.81 -2 6.8
      vertex 6.2 -2 1.3
      vertex 5.81 -2 1.3
    endloop
  endfacet
endsolid OpenSCAD_Model
